X; Global Innovation Index; Innovation Efficiency Ratio; Innovation Input Sub-Index; Innovation Output Sub-Index;Institutions;Political environment;Political stability;Government effectiveness;Regulatory environment;Regulatory quality;Rule of law;Cost of redundancy dismissal;Business environment;Ease of starting a business;Ease of resolving insolvency;Ease of paying taxes;Human capital and research;Education;Expenditure on education;Government expenditure on education per pupil, secondary;School life expectancy;Assessment in reading, mathematics, and science;Pupil-teacher ratio, secondary;Tertiary education;Tertiary enrolment;Graduates in science and engineering;Tertiary inbound mobility;Research and development (R&D);Researchers;Gross expenditure on R&D (GERD);QS university ranking, average score top 3;Infrastructure;Information and communication technologies (ICTs);ICT access;ICT use;Government's online service;Online e-participation;General infrastructure;Electricity output;Logistics performance;Gross capital formation;Ecological sustainability;GDP per unit of energy use;Environmental performance;ISO 14001 environmental certificates;Market sophistication;Credit;Ease of getting credit;Domestic credit to private sector;Microfinance institutions' gross loan portfolio;Investment;Ease of protecting investors;Market capitalization;Total value of stocks traded;Venture capital deals;Trade and competition;Applied tariff rate, weighted mean;Intensity of local competition;Business sophistication;Knowledge workers;Employment in knowledge-intensive services;Firms offering formal training;GERD performed by business enterprise;GERD financed by business enterprise;Females employed with advanced degrees;Innovation linkages;University/industry research collaboration;State of cluster development;GERD financed by abroad;Joint venture/strategic alliance deals;Patent families filed in at least three offices;Knowledge absorption;Royalties and license fees payments;High-tech imports;Communications, computer and information services;Foreign direct investment net inflows;Knowledge and technology outputs;Knowledge creation;National office patent applications;Patent Cooperation Treaty resident applications;National office resident utility model application;Scientific and technical publications;Citable documents H index;Knowledge impact;Growth rate of GDP per person engaged;New business density;Total computer software spending;ISO 9001 quality certificates;High-tech and medium-high-tech output;Knowledge diffusion;Royalties and license fees receipts;High-tech exports;Communications, computer and information services;Foreign direct investment net outflows;Creative outputs;Intangible assets;National office resident trademark applications;Madrid system trademark applications by country of origin;ICTs and business model creation;ICTs and organizational model creation;Creative goods and services;Cultural and creative services exports;National feature films produced;Global entertainment and media output;Printing and publishing output;Creative goods exports;Online creativity;Generic top-level domains (gTLDs);Country-code top-level domains (ccTLDs);Wikipedia monthly edits;Video uploads on YouTube
Afghanistan; ; ; ; ;142; ; ; ; ; ; ; ;142;142;139;142;142; ; ; ; ; ; ; ; ; ; ;128; ; ;73;142;142;138;138;140;141; ; ; ; ;142; ;140; ;142;142;140; ; ;142;142; ; ; ;142; ;134;140; ; ; ; ; ; ;135;133;134; ; ; ; ; ; ; ; ; ; ; ; ; ; ; ; ; ; ; ; ; ; ; ; ; ; ;131;136; ; ;134;134; ; ; ; ; ; ; ; ; ; ; 
Albania;87;129;73;112;70;72;62;87;91;65;95;96;56;36;42;102;101;91;105; ; ;57;63;85;47;88;78;108;79;99;73;71;74;84;63;72;59;88;86; ;45;40;10;61;63;24;53;34;88;22;3;7; ; ; ;99;36;131;118;113;89;80; ;79;66;126;128;120;54; ;50;58;63;116;36;10;110;126;99;86; ;96;127;117;82;74; ;58;99;74;86;94;16;81;114;129;52;50;119;126;69;18; ; ; ;84;81;53;76;47; 
Algeria;126;125;119;129;120;120;123;106;108;135;105;78;127;114;91;133;82;67;77; ;58; ; ;69;75;26;91;115;71;112;73;95;128;93;115;136;137;38;87;91;9;72;33;82;115;124;135;133;123; ;41;114; ; ; ;131;113;129;135;118;82;95; ; ;77;125;129;102; ;87;103;132;85;61;118;118;115;113;88;95; ;107;81;87;57;85; ;114;38;128;97;126;103;113;131;135;99;68;131;125;105;52; ;51;62;128;75;116;121;95;66
American Samoa; ; ; ; ;142; ; ; ; ; ; ; ;142;142;139;142;142; ; ; ; ; ; ; ; ; ; ;128; ; ;73;142;142;138;138;140;141; ; ; ; ;142; ;140; ;142;142;140; ; ;142;142; ; ; ;142; ;134;140; ; ; ; ; ; ;135;133;134; ; ; ; ; ; ; ; ; ; ; ; ; ; ; ; ; ; ; ; ; ; ; ; ; ; ;131;136; ; ;134;134; ; ; ; ; ; ; ; ; ; ; 
Andorra; ; ; ; ;142; ; ; ; ; ; ; ;142;142;139;142;142; ; ; ; ; ; ; ; ; ; ;128; ; ;73;142;142;138;138;140;141; ; ; ; ;142; ;140; ;142;142;140; ; ;142;142; ; ; ;142; ;134;140; ; ; ; ; ; ;135;133;134; ; ; ; ; ; ; ; ; ; ; ; ; ; ; ; ; ; ; ; ; ; ; ; ; ; ;131;136; ; ;134;134; ; ; ; ; ; ; ; ; ; ; 
Angola;120;1;137;80;135;119;86;137;134;130;138;130;138;135;139;110;130;102;99; ;101; ;102;133;119; ; ;123;87; ;73;128;119;126;109;106;115;135;112;104;125;102;29;130;131;131;140;138;112;79;23;83; ; ; ;137;103;133;126;102; ;82; ; ; ;111;132;131; ; ; ;124;123; ;64;139;45;141; ;96; ;139;134;43;43; ; ;134; ;21;83; ; ;10;112;123; ; ;124;132; ; ; ; ; ; ;131;140;133;118; 
Anguilla; ; ; ; ;142; ; ; ; ; ; ; ;142;142;139;142;142; ; ; ; ; ; ; ; ; ; ;128; ; ;73;142;142;138;138;140;141; ; ; ; ;142; ;140; ;142;142;140; ; ;142;142; ; ; ;142; ;134;140; ; ; ; ; ; ;135;133;134; ; ; ; ; ; ; ; ; ; ; ; ; ; ; ; ; ; ; ; ; ; ; ; ; ; ;131;136; ; ;134;134; ; ; ; ; ; ; ; ; ; ; 
Antigua and Barbuda; ; ; ; ;142; ; ; ; ; ; ; ;142;142;139;142;142; ; ; ; ; ; ; ; ; ; ;128; ; ;73;142;142;138;138;140;141; ; ; ; ;142; ;140; ;142;142;140; ; ;142;142; ; ; ;142; ;134;140; ; ; ; ; ; ;135;133;134; ; ; ; ; ; ; ; ; ; ; ; ; ; ; ; ; ; ; ; ; ; ; ; ; ; ;131;136; ; ;134;134; ; ; ; ; ; ; ; ; ; ; 
Argentina;72;52;81;63;111;71;61;85;128;128;106;127;120;117;78;129;44;54;52;59;6;55;32;48;10;89; ;39;43;56;32;74;52;52;61;55;54;98;57;58;111;76;49;83;53;127;118;65;126;83;130;60;100;87;58;113;87;125;61;43;58;6;55;59;31;130;64;115;94;85;61;26;6;29;51;93;95;71;70; ;47;71;35;104;62;91;71;49; ;72;48;45;43;84;50;77;25; ;107;94;65;15;33;29; ;82;36;65;17;35;31
Armenia;61;34;69;51;57;59;60;63;53;62;79;41;42;4;66;36;105;127;122;71;88; ; ;80;58;78;53;98; ;83;73;76;57;68;70;43;59;97;66;87;62;77;79;45;120;36;11;34;75;1;113;47;107;106;30;61;48;82;89;65;52;101; ; ;5;122;109;110;75; ;51;72; ;87;55;50;46;38;18;53;17;27;61;72;11;54; ;119;91;60; ;93;21;85;55;40;18;29;54;44;53;47;12; ;43;58;74;67;57;30; 
Aruba; ; ; ; ;142; ; ; ; ; ; ; ;142;142;139;142;142; ; ; ; ; ; ; ; ; ; ;128; ; ;73;142;142;138;138;140;141; ; ; ; ;142; ;140; ;142;142;140; ; ;142;142; ; ; ;142; ;134;140; ; ; ; ; ; ;135;133;134; ; ; ; ; ; ; ; ; ; ; ; ; ; ; ; ; ; ; ; ; ; ; ; ; ; ;131;136; ; ;134;134; ; ; ; ; ; ; ; ; ; ; 
Australia;17;72;10;24;11;13;17;11;12;7;10;44;12;7;13;34;9;32;54;69;1;14; ;13;6;77;7;10;16;15;5;4;7;20;11;8;7;13;12;16;37;27;69;3;31;9;6;4;20; ;36;67;19;11;29;10;43;6;23;10;15; ;16;7;15;38;20;40;84;10;20;63;20;37;78;60;39;26;34;26;26;10;10;32;64;8;46;31;56;99;32;54;79;114;7;34;31;23;34;17;7;61;64;3;1;51;6;10;14;9;17
Austria;18;37;19;18;12;9;4;15;8;17;6;1;31;82;15;58;8;22;35;22;28;18;23;7;22;22;11;16;11;9;26;23;25;17;22;23;40;33;25;21;74;21;35;8;38;30;28;48;26; ;79;31;61;37;26;12;9;13;24;27;24; ;10;28;62;26;23;15;27;64;12;37;38;49;23;52;17;23;16;14;20;21;17;51;100;89;13;34;18;16;24;24;20;17;17;30;26;7;31;47;31;26;25;9;45;34;15;20;9;26;30
Azerbaijan;93;115;89;103;81;94;90;95;107;105;103;101;51;12;88;30;100;114;121; ;92; ; ;97;90;73;59;62; ;88;54;78;69;65;49;76;76;107;71;115;53;59;28;58;90;47;83;93;107;18;10;49; ; ; ;95;76;116;136;110;64;90;77;74;49;133;101;96;97;78;91;134;101;112;91;49;108;130;61;99;57;120;116;94;31;81; ;102;73;107;114;92;99;34;93;91;77;49;40;26;68;69;1; ;83;125;92;100;84;59; 
Bahamas; ; ; ; ;142; ; ; ; ; ; ; ;142;142;139;142;142; ; ; ; ; ; ; ; ; ; ;128; ; ;73;142;142;138;138;140;141; ; ; ; ;142; ;140; ;142;142;140; ; ;142;142; ; ; ;142; ;134;140; ; ; ; ; ; ;135;133;134; ; ; ; ; ; ; ; ; ; ; ; ; ; ; ; ; ; ; ; ; ; ; ; ; ; ;131;136; ; ;134;134; ; ; ; ; ; ; ; ; ; ; 
Bahrain;59;105;48;65;58;83;132;43;31;45;51;1;59;107;82;8;71;70;114; ; ; ;28;65;72;64;21;74; ;115;59;27;10;29;16;7;14;21;4;50;102;100;112;73;64;71;70;93;51; ;77;91;36;65; ;68;89;44;48; ; ; ; ; ; ;19;87;31;15;1;75;96; ;109; ;65;75;137;106;85; ;121;122;86;61; ;27;64;78;36; ;123; ;21;65;84;97; ;36;30;56; ;1;38;72;126;54;54;74;64;44
Bangladesh;129;112;129;126;129;133;134;119;129;124;115;129;97;94;124;65;126;135;123;88;116; ;111;108;103;80;111;80; ; ;67;109;112;124;128;92;82;78;109;101;24;106;26;136;125;115;99;113;81;24;74;41;80;40; ;129;133;76;122;97;73;87; ; ; ;100;126;63; ;73;108;126;113;41;121;108;116;103;97; ; ;117;65;106;24;101;72;123;74;117;110;102;69;103;124;126;92; ;109;107;102;86;94; ;46;98;118;120;132;111; 
Barbados;37;25;46;36;27;15;8;23;41;54;28;73;36;77;24;74;62;52;39;39;34; ;60;39;40;83;12;128; ; ;73;100;83;24;37;119;133;134; ; ;127;86; ;93;62;105;72;102;39; ;85;138;11;80; ;122;135;26;12;41;46;50; ; ; ;4;41;71; ; ;1;8;34; ;20;8;18;30;71;1; ;52;113;73;110; ; ;40; ;8;42; ;47;7;63;75;53; ;76;68; ; ; ; ; ; ;76;31;77;51; 
Belarus;53;73;55;58;94;101;66;127;118;132;119;101;55;35;65;50;32;7;53; ;29; ;2;18;5;17;60;53; ;49;57;60;67;35;38;95;88;36;58;94;8;79;102;32;88;32;97;93;110; ;23;83; ; ; ;2;45; ;94;23;33;25;35;32;1;137; ; ;49;61;76;125;73;88;99;63;32;15;7;66;1;90;63;61;35;63; ;118;35;90;65;52;54;72;94;70;14;28; ; ;113;72;91; ; ;65;84;88;47;57; 
Belgium;25;59;21;28;19;17;27;14;30;19;20;90;18;14;10;63;18;19;22;8;18;15; ;44;24;72;18;17;21;13;15;28;29;18;25;31;40;25;28;3;82;51;80;36;42;35;50;80;36; ;61;38;31;29;28;6;9;5;14;8;12; ;12;12;12;27;6;20;36;40;18;39;45;38;18;133;36;22;57;18; ;15;13;50;98;42;6;45;29;70;18;21;24;123;20;43;57;18;23;23;19;5;19;15;54;23;16;26;11;17;23
Belize; ; ; ; ;142; ; ; ; ; ; ; ;142;142;139;142;142; ; ; ; ; ; ; ; ; ; ;128; ; ;73;142;142;138;138;140;141; ; ; ; ;142; ;140; ;142;142;140; ; ;142;142; ; ; ;142; ;134;140; ; ; ; ; ; ;135;133;134; ; ; ; ; ; ; ; ; ; ; ; ; ; ; ; ; ; ; ; ; ; ; ; ; ; ;131;136; ; ;134;134; ; ; ; ; ; ; ; ; ; ; 
Benin;NA;NA;NA;NA;NA;NA;NA;NA;NA;NA;NA;NA;NA;NA;NA;NA;NA;NA;NA;NA;NA;NA;NA;NA;NA;NA;NA;NA;NA;NA;NA;NA;NA;NA;NA;NA;NA;NA;NA;NA;NA;NA;NA;NA;NA;NA;NA;NA;NA;NA;NA;NA;NA;NA;NA;NA;NA;NA;NA;NA;NA;NA;NA;NA;NA;NA;NA;NA;NA;NA;NA;NA;NA;NA;NA;NA;NA;NA;NA;NA;NA;NA;NA;NA;NA;NA;NA;NA;NA;NA;NA;NA;NA;NA;NA;NA;NA;NA;NA;NA;NA;NA;NA;NA;NA;NA;NA;NA;NA;NA;NA
Bermuda; ; ; ; ;142; ; ; ; ; ; ; ;142;142;139;142;142; ; ; ; ; ; ; ; ; ; ;128; ; ;73;142;142;138;138;140;141; ; ; ; ;142; ;140; ;142;142;140; ; ;142;142; ; ; ;142; ;134;140; ; ; ; ; ; ;135;133;134; ; ; ; ; ; ; ; ; ; ; ; ; ; ; ; ; ; ; ; ; ; ; ; ; ; ;131;136; ; ;134;134; ; ; ; ; ; ; ; ; ; ; 
Bhutan;121;138;82;135;63;44;34;51;64;133;55;19;126;76;139;68;114;69;41;13;83; ;83;129;114; ; ;128; ; ;73;61;109;113;97;113;88;4; ;125;2;85; ;91;68;63;32;65;72;5;29;91; ; ; ;138;137;102;121;115;88;83; ; ;83;51;122;80; ; ; ;139;122;119;103;110;141;102;74; ; ;79;140;138; ;97; ;100; ;138;105;124; ; ;107;130;102; ;111;112;32; ;1; ; ;120;111;82;87;109; 
Bolivia  Plurinational State of;104;45;118;92;139;87;84;91;139;121;128;138;140;134;90;141;84;71;23;56;76; ;79;71;68; ; ;105;72;96;73;104;94;98;92;82;79;124;99;111;76;89;86;78;71;73;24;102;70;1;133;128;78;102; ;108;61;130;92;66;92;14; ;73; ;115;70;91;81; ;70;94;64;55;83;27;102;100; ; ; ;113;94;88;28;84;63;75; ;111;62;82;77;105;84;60; ; ;99;92;66;48;42; ; ;38;105;87;95;90; 
Bosnia and Herzegovina;79;135;47;122;71;92;85;94;50;76;68;28;81;118;32;116;38;1; ; ; ; ;33;81; ; ;26;99;77;80;73;96;92;69;59;110;115;100;53;78;88;92;106;92;25;18;54;34;54;28;17;75; ; ; ;1;39; ;41;84; ;21;53;84; ;3; ; ;7; ; ;119;106;92;65;91;89;105;90;59; ;70;117;63;90;80; ;18; ;86;39;66; ;88;135;137;88;41; ; ;112;73;43; ; ;79;49;75;68;34;51
Botswana;90;120;79;108;48;40;14;56;60;41;39;100;70;119;47;55;93;24;2;17;85; ;52;126;94; ;100;76; ;59;73;86;98;99;69;101;101;72;119;110;16;54;15;89;103;91;62;56;94; ;98;93;55;72; ;96;93;92;112;77;81;22;62; ;65;91;102;101; ;37;108;138;91;121;104;103;104;110;87; ;52;76;101;52; ;7; ;133; ;129;106;86;118;108;110;89; ; ;114;121;114; ; ; ; ;77;109;98;70;105; 
Brazil;70;99;65;74;85;75;83;75;73;69;64;68;124;131;53;134;63;73;33;49;55;53;69;111;83;94;104;33;55;30;23;67;43;64;56;49;24;109;65;63;116;63;41;69;61;87;102;80;47;69;60;34;35;21;52;89;106;50;37;54;69;41; ;33;67;59;52;22; ;75;63;21;21;23;29;46;72;56;55;51;29;63;22;74;80;45;49;51;22;93;38;44;109;64;82;87;61; ;73;74;96;45;79;36;77;76;55;90;43;76;43
Bulgaria;39;21;49;35;45;54;56;61;39;49;66;20;40;42;36;71;58;74;89;48;52;42;43;50;33;43;46;57;39;52;65;53;81;50;41;117;110;50;30;45;54;26;99;40;5;61;52;22;50;34;101;14;81;74;63;45;9;72;60;50;45;39;38;62;26;48;110;123;8; ;54;102;52;75;76;48;37;37;45;43;11;48;45;18;83;12;40;3;60;62;63;42;38;49;34;33;9;11;89;88;59;25;53; ;64;43;38;28;65;28;41
Burkina Faso;102;85;109;100;97;110;109;107;69;83;92;38;116;121;105;117;119;131;100;75;129; ;100;94;125;57;54;109;91;89;73;127;125;127;124;106;129;111; ;93;109;110; ;106;126;97;119;113;106;33;37;107; ; ; ;118;110;106;52;108; ;78; ;68; ;14;100;126;2; ; ;48;120;107;8;57;99;104;101; ;50;68;94;71;30;98; ;104; ;101;87;110;31;100;100;55; ; ;71;110;121; ;59; ; ;112;139;132;129;138; 
Burundi;136;137;122;138;118;132;130;131;106;123;127;71;87;17;122;98;115;94;34;16;115; ;110;113;130;97;29;111; ;103;73;136;141; ; ;139;139;108; ;100;91;118; ;135; ;99;126;133;118;25;23;83; ; ; ;121;94;127;91;105; ;85; ; ; ;54;118;129;12; ;31;85;125;33; ;126;139;133; ; ; ;118;136;140; ; ; ;141;97;120;108;95; ;101;133;132; ; ;132;133;107; ; ; ;81;87;137;136;118;139; 
Cabo Verde;103;119;92;114;79;49;33;62;102;81;44;125;122;66;139;73;113;85;56;87;72; ;74;122;87; ;82;117;89;111;73;62;113;88;73;125;133;2; ; ;7;94; ;97;100;102;76;93;53; ;68;133; ; ; ;127;122;112;107;127; ;96; ; ; ;49;94;98; ; ; ;107;119;118;40;80;129;94; ; ; ;73;141;129; ; ; ;73; ;85;115;125;19;59;88;35; ; ;68;77;130;66;104; ; ; ;108;78;85;100; 
Cambodia;91;80;96;91;108;106;77;124;105;98;124;88;123;140;79;72;122;120;116; ;107; ;104;114;99;93;114;128; ; ;73;125;123;106;119;122;121;112;121;79;71;116;74;121;119;20;7;11;74;1;21;82; ; ; ;119;120;83;74;86;110;31; ; ; ;30;112;61; ; ; ;118;97;108;94;13;68;119;112; ; ;106;112;6;9; ; ;131; ;114;82;70;85;76;108;92;81; ;77;58;95; ;57; ; ;61;115;105;124;108; 
Cameroon;110;19;126;90;125;111;98;121;116;125;126;91;133;108;109;137;111;121;109;58;111; ;89;88;107;48;76;128; ; ;73;133;131;120;127;121;126;132;110;124;83;109;65;118;118;110;121;102;130;35;33;102; ; ; ;132;131;105;103;95; ;76; ; ; ;64;79;84; ; ;73;122;103; ;98;87;114;85; ;93; ;66;90;110;54; ;73;124;90;119;102; ;71;121;68;41; ; ;78;79;44;11;58; ;58; ;124;125;104;130; 
Canada;16;70;9;22;6;11;16;7;10;11;12;34;1;2;6;9;22;92;45;65; ;8; ; ; ; ; ;14;13;24;4;11;11;22;20;10;14;5;5;12;51;58;94;24;60;4;9;7;21; ;5;7;10;12;4;20;5;31;18;28;14; ;25;25;35;15;18;18;61;4;16;35;9;30;58;44;21;18;32;24; ;17;5;56;97;66;3;59;39;33;19;29;52;26;18;23;47; ;20;12;55;28;46;13;93;39;11;6;20;16;6
Cayman Islands; ; ; ; ;142; ; ; ; ; ; ; ;142;142;139;142;142; ; ; ; ; ; ; ; ; ; ;128; ; ;73;142;142;138;138;140;141; ; ; ; ;142; ;140; ;142;142;140; ; ;142;142; ; ; ;142; ;134;140; ; ; ; ; ; ;135;133;134; ; ; ; ; ; ; ; ; ; ; ; ; ; ; ; ; ; ; ; ; ; ; ; ; ; ;131;136; ; ;134;134; ; ; ; ; ; ; ; ; ; ; 
Central African Republic; ; ; ; ;142; ; ; ; ; ; ; ;142;142;139;142;142; ; ; ; ; ; ; ; ; ; ;128; ; ;73;142;142;138;138;140;141; ; ; ; ;142; ;140; ;142;142;140; ; ;142;142; ; ; ;142; ;134;140; ; ; ; ; ; ;135;133;134; ; ; ; ; ; ; ; ; ; ; ; ; ; ; ; ; ; ; ; ; ; ; ; ; ; ;131;136; ; ;134;134; ; ; ; ; ; ; ; ; ; ; 
Chad; ; ; ; ;142; ; ; ; ; ; ; ;142;142;139;142;142; ; ; ; ; ; ; ; ; ; ;128; ; ;73;142;142;138;138;140;141; ; ; ; ;142; ;140; ;142;142;140; ; ;142;142; ; ; ;142; ;134;140; ; ; ; ; ; ;135;133;134; ; ; ; ; ; ; ; ; ; ; ; ; ; ; ; ; ; ; ; ; ; ; ; ; ; ;131;136; ; ;134;134; ; ; ; ; ; ; ; ; ; ; 
Channel Islands; ; ; ; ;142; ; ; ; ; ; ; ;142;142;139;142;142; ; ; ; ; ; ; ; ; ; ;128; ; ;73;142;142;138;138;140;141; ; ; ; ;142; ;140; ;142;142;140; ; ;142;142; ; ; ;142; ;134;140; ; ; ; ; ; ;135;133;134; ; ; ; ; ; ; ; ; ; ; ; ; ; ; ; ; ; ; ; ; ; ; ; ; ; ;131;136; ; ;134;134; ; ; ; ; ; ; ; ; ; ; 
Chile;42;82;36;48;37;34;50;25;44;16;22;118;54;50;68;28;57;78;71;68;37;45;85;59;18;58;101;46;62;72;29;35;26;60;55;16;7;57;49;40;64;44;56;29;41;51;71;65;29;43;49;54;7;30;68;46;64;25;51;46;60;13;56;44;39;76;37;58;24;45;85;51;27;35;67;18;57;67;67;46;44;46;37;40;16;20;45;38;52;58;58;71;101;16;45;25;24; ;28;40;104; ;55;37; ;75;40;81;38;21;34
China;29;6;41;21;91;79;99;70;115;92;88;118;78;105;51;94;31;2; ; ;78;1;59;121;82; ;103;21;47;17;11;32;54;77;71;47;33;3;52;27;4;82;103;102;17;59;63;65;16;86;62;114;44;8;34;59;66;42;31;20;104;1;13;3; ;71;31;23;89;57;29;32;35;8;112;40;3;6;1;27;1;53;16;1;1; ;23;19;15;28;76;1;86;36;54;39;11;54;47;32;35;49;89;47;91;1;104;84;54;110; 
Colombia;67;114;51;75;77;107;127;66;76;57;87;76;58;70;28;112;59;95;63;73;68;58;96;37;52;45; ;51;74;84;34;39;38;74;68;17;11;95;91;92;44;14;2;76;23;38;34;2;67;27;58;10;22;45;61;65;75;54;63;53;86;5;70;50;47;116;47;75;79;58;94;31;39;13;66;35;86;93;78;55;39;97;47;57;41;47;64;17;50;87;53;60;100;33;77;95;68;56;49;52;71;40;83;44;17;72;45;68;33;49;55
Comoros; ; ; ; ;142; ; ; ; ; ; ; ;142;142;139;142;142; ; ; ; ; ; ; ; ; ; ;128; ; ;73;142;142;138;138;140;141; ; ; ; ;142; ;140; ;142;142;140; ; ;142;142; ; ; ;142; ;134;140; ; ; ; ; ; ;135;133;134; ; ; ; ; ; ; ; ; ; ; ; ; ; ; ; ; ; ; ; ; ; ; ; ; ; ;131;136; ; ;134;134; ; ; ; ; ; ; ; ; ; ; 
Congo; ; ; ; ;142; ; ; ; ; ; ; ;142;142;139;142;142; ; ; ; ; ; ; ; ; ; ;128; ; ;73;142;142;138;138;140;141; ; ; ; ;142; ;140; ;142;142;140; ; ;142;142; ; ; ;142; ;134;140; ; ; ; ; ; ;135;133;134; ; ; ; ; ; ; ; ; ; ; ; ; ; ; ; ; ; ; ; ; ; ; ; ; ; ;131;136; ; ;134;134; ; ; ; ; ; ; ; ; ; ; 
Congo  Democratic Republic of the; ; ; ; ;142; ; ; ; ; ; ; ;142;142;139;142;142; ; ; ; ; ; ; ; ; ; ;128; ; ;73;142;142;138;138;140;141; ; ; ; ;142; ;140; ;142;142;140; ; ;142;142; ; ; ;142; ;134;140; ; ; ; ; ; ;135;133;134; ; ; ; ; ; ; ; ; ; ; ; ; ; ; ; ; ; ; ; ; ; ; ; ; ; ;131;136; ; ;134;134; ; ; ; ; ; ; ; ; ; ; 
Cook Islands; ; ; ; ;142; ; ; ; ; ; ; ;142;142;139;142;142; ; ; ; ; ; ; ; ; ; ;128; ; ;73;142;142;138;138;140;141; ; ; ; ;142; ;140; ;142;142;140; ; ;142;142; ; ; ;142; ;134;140; ; ; ; ; ; ;135;133;134; ; ; ; ; ; ; ; ; ; ; ; ; ; ; ; ; ; ; ; ; ; ; ; ; ; ;131;136; ; ;134;134; ; ; ; ; ; ; ; ; ; ; 
Costa Rica;51;32;61;45;56;45;38;45;52;47;43;84;86;96;83;95;80;57;14;40;60;46;50;98;55;95;74;72;42;64;73;49;40;62;48;43;14;102;77;82;68;38;15;51;58;120;112;80;66;62;141;141;102;101; ;55;58;57;42;61;56;20;65;64;48;75;32;36;58; ;83;20;72;5;84;23;47;109;84;61;58;80;62;95;47;34;48;78;72;11;85;8;1;39;48;13;12; ;41;36;67;75;92; ;14;52;77;39;73;50; 
Cote dIvoire;116;10;131;87;113;129;115;130;93;119;121;54;104;38;80;132;118;103;69; ;122; ;91;118;116; ;39;120;86; ;73;131;127;112;132;122;124;120;108;76;104;126;111;108;112;132;128;113;117;59;119;120;58;76; ;103;100;108;127;120; ;92; ; ; ;86;83;106; ; ;108;128;95;104;70;106;65;117;76;81; ;114;91;3;8; ; ;113; ;118;107;68;80;86;102;51; ; ;97;83;134; ; ; ; ;114;122;114;114;132; 
Croatia;40;50;43;41;41;39;39;41;47;53;53;66;52;73;54;32;47;15;79; ;44;33;3;51;38;30;92;54;40;41;64;50;53;37;29;70;92;92;72;53;100;16;45;44;8;68;84;56;40;80;69;60;51;68; ;53;38;80;50;36;35;29;37;34;45;94;78;113;30;35;55;49;31;58;33;113;44;48;38;34;30;20;42;34;96;39; ;9; ;78;52;37;41;116;39;61;42;13;62;50;29;6;21; ; ;60;43;34;40;37;42
Cuba; ; ; ; ;142; ; ; ; ; ; ; ;142;142;139;142;142; ; ; ; ; ; ; ; ; ; ;128; ; ;73;142;142;138;138;140;141; ; ; ; ;142; ;140; ;142;142;140; ; ;142;142; ; ; ;142; ;134;140; ; ; ; ; ; ;135;133;134; ; ; ; ; ; ; ; ; ; ; ; ; ; ; ; ; ; ; ; ; ; ; ; ; ; ;131;136; ; ;134;134; ; ; ; ; ; ; ; ; ; ; 
Cura√É ao; ; ; ; ;142; ; ; ; ; ; ; ;142;142;139;142;142; ; ; ; ; ; ; ; ; ; ;128; ; ;73;142;142;138;138;140;141; ; ; ; ;142; ;140; ;142;142;140; ; ;142;142; ; ; ;142; ;134;140; ; ; ; ; ; ;135;133;134; ; ; ; ; ; ; ; ; ; ; ; ; ; ; ; ; ; ; ; ; ; ; ; ; ; ;131;136; ; ;134;134; ; ; ; ; ; ; ; ; ; ; 
Cyprus;34;90;32;43;28;28;42;22;20;34;29;1;45;54;49;44;35;11;12;6;57; ;25;9;59;44;1;75;50;60;73;75;68;48;50;68;101;121;36;56;138;39;36;37;45;11;2;56;1; ;95;14;92;62;31;26;9;35;43;62;37; ;63;69;16;35;38;47;25;15;26;57;74;105;11;67;78;50;104;29; ;19;71;103;116;1; ;24;70;92;90;72;74;35;27;26;36;1;66;64;50;22;71; ;11;118;28;8;49;22; 
Czech Republic;24;11;27;17;32;27;15;37;40;27;27;93;43;90;18;93;29;39;72;38;19;19;34;33;31;41;19;26;26;19;37;30;71;39;35;87;110;32;21;31;60;6;91;5;1;45;37;22;59; ;118;75;74;49;40;13;9;15;28;32;27;18;21;41;59;53;40;44;16;65;32;24;49;12;39;70;15;16;30;36;7;18;32;21;105;36;34;4;7;29;41;9;51;42;21;28;10;31;45;42;12;31;35;27;57;4;24;32;15;41;16
Denmark;10;49;8;12;4;7;21;3;2;6;4;1;7;22;8;12;3;9;3;24;4;22; ;27;12;46;22;3;2;7;14;21;21;11;1;35;54;44;31;17;115;17;22;13;27;7;5;22;3; ;22;17;23;26;8;30;9;43;17;6;10; ;8;13;21;42;19;32;55;31;15;46;30;79;16;123;16;17;17;10;34;2;14;33;76;28;12;55;10;24;13;27;46;20;13;48;55;10;43;31;16;29;10;7;53;30;8;17;1;23;8
Djibouti; ; ; ; ;142; ; ; ; ; ; ; ;142;142;139;142;142; ; ; ; ; ; ; ; ; ; ;128; ; ;73;142;142;138;138;140;141; ; ; ; ;142; ;140; ;142;142;140; ; ;142;142; ; ; ;142; ;134;140; ; ; ; ; ; ;135;133;134; ; ; ; ; ; ; ; ; ; ; ; ; ; ; ; ; ; ; ; ; ; ; ; ; ; ;131;136; ; ;134;134; ; ; ; ; ; ; ; ; ; ; 
Dominica; ; ; ; ;142; ; ; ; ; ; ; ;142;142;139;142;142; ; ; ; ; ; ; ; ; ; ;128; ; ;73;142;142;138;138;140;141; ; ; ; ;142; ;140; ;142;142;140; ; ;142;142; ; ; ;142; ;134;140; ; ; ; ; ; ;135;133;134; ; ; ; ; ; ; ; ; ; ; ; ; ; ; ; ; ; ; ; ; ; ; ; ; ; ;131;136; ; ;134;134; ; ; ; ; ; ; ; ; ; ; 
Dominican Republic;89;108;88;98;93;74;54;100;109;80;93;114;102;92;133;62;107;122;91;105;77; ;105;82;57; ;50;128; ; ;73;84;95;97;78;85;92;91;82;66;61;41;9;67;109;57;106;80;111;36;17;75; ; ; ;87;91;69;79;42;84;15; ; ;50;92;91;77; ;74;86;129;60;89;111;69;119;140;103;90;59;138;122;108;93;67; ;103; ;105; ;61;65;118;83;63;59; ;53;48;64; ;78; ; ;36;94;76;81;72; 
Ecuador;119;127;99;124;124;84;78;98;131;126;122;131;131;129;128;105;98;76;76;62;56; ;54;101;66;91;90;91;69;74;73;72;77;76;81;66;64;67;88;81;29;50;29;50;59;66;57;80;105;14;129;102;94;96; ;27;71; ;123;79;96;4;48;87;61;139; ; ;67; ;79;68;61;43; ;119;127;129;111;82;51;115;76;78;48; ;66;47;69;136; ;91; ; ;109;115;34; ; ; ;82;37; ; ;44;104;89;79;80;58; 
Egypt;100;83;108;96;131;134;135;123;132;116;98;133;99;61;110;115;72;50;92; ;69; ;41;110;76; ;68;50;60;51;47;77;65;78;74;51;54;119;78;60;126;49;26;47;69;128;116;65;103;72;107;117;65;44; ;123;108;126;84;71;30;88; ; ;75;78;127;35; ;42;106;105;50;72;72;81;97;81;69;78; ;69;49;102;101; ;65;88;53;77;29;103;45;93;98;105; ;63;104;93;101; ;88;54;86;54;69;96;130;94;61
El Salvador;99;106;95;104;86;69;69;79;97;60;104;105;107;99;74;123;116;129;101;94;90; ;117;83;84;42;97;125; ;117;73;92;76;83;106;59;45;125;93;62;124;80;29;99;106;88;82;65;79;32;106;123;43;89; ;64;50;86;82;87;99;10; ;81;87;65;51;28;45; ;72;87;41;34;82;117;133;139; ;73; ;136;130;130; ;90; ;69; ;61;27;46;49;79;67;21; ; ;63;59;83; ;101; ; ;42;99;77;91;79; 
Equatorial Guinea; ; ; ; ;142; ; ; ; ; ; ; ;142;142;139;142;142; ; ; ; ; ; ; ; ; ; ;128; ; ;73;142;142;138;138;140;141; ; ; ; ;142; ;140; ;142;142;140; ; ;142;142; ; ; ;142; ;134;140; ; ; ; ; ; ;135;133;134; ; ; ; ; ; ; ; ; ; ; ; ; ; ; ; ; ; ; ; ; ; ; ; ; ; ;131;136; ; ;134;134; ; ; ; ; ; ; ; ; ; ; 
Eritrea; ; ; ; ;142; ; ; ; ; ; ; ;142;142;139;142;142; ; ; ; ; ; ; ; ; ; ;128; ; ;73;142;142;138;138;140;141; ; ; ; ;142; ;140; ;142;142;140; ; ;142;142; ; ; ;142; ;134;140; ; ; ; ; ; ;135;133;134; ; ; ; ; ; ; ; ; ; ; ; ; ; ; ; ; ; ; ; ; ; ; ; ; ; ;131;136; ; ;134;134; ; ; ; ; ; ; ; ; ; ; 
Estonia;23;17;26;14;22;33;37;34;21;18;24;49;23;23;35;27;30;17;49;30;14;7;11;43;16;37;61;30;25;20;52;10;19;25;17;18;22;16;13;38;25;11;104;20;1;37;30;22;43; ;94;54;88;70;14;19;9;27;33;31;21;52;24;35;7;70;33;73;42;48;28;25;80;24;14;42;19;32;68;31;12;9;49;9;71;15; ;11;23;37;70;19;25;44;9;7;20;9;3;2;11;20;8; ;26;35;22;43;22;11;7
Ethiopia;127;66;132;111;117;124;133;101;111;134;100;87;103;132;69;88;132;139;66;97;131; ;118;103;131;82; ;83;92;54;73;119;116;135;129;71;110;75;122;98;21;136;119;109;135;137;136;129;120;74;104;123; ; ;64;124;123;109;125;131;112;66;82;86;74;114;75;121;80; ; ;53;114;36;34;82;118;79; ; ; ;81;86;92;20;105; ;132;76;131;99;112;55; ;106;103; ; ;121;124;73;82; ; ;13;106;140;139;134;131; 
Faroe Islands; ; ; ; ;142; ; ; ; ; ; ; ;142;142;139;142;142; ; ; ; ; ; ; ; ; ; ;128; ; ;73;142;142;138;138;140;141; ; ; ; ;142; ;140; ;142;142;140; ; ;142;142; ; ; ;142; ;134;140; ; ; ; ; ; ;135;133;134; ; ; ; ; ; ; ; ; ; ; ; ; ; ; ; ; ; ; ; ; ; ; ; ; ; ;131;136; ; ;134;134; ; ; ; ; ; ; ; ; ; ; 
Fiji;115;140;64;137;88;102;67;128;80;109;116;32;100;127;85;84;61;100;81;110;59; ;82;8;98; ;1;128; ; ;73;90;85;85;67;82;82;110; ;103;94;75; ;68;76;119;86;65;38;76;120;97;85;94; ;117;119; ;8;34;87;10; ; ; ; ; ; ; ; ; ;5;105;3;12;20;128;61; ; ; ;43;119;127; ; ; ;84;86;123;103;109;81;89;137; ; ; ; ; ;84;68;61; ;24;86;87;69;67;56; 
Finland;6;41;3;10;1;1;3;1;7;4;3;35;2;24;1;20;1;6;17;12;11;6;19;11;4;14;32;5;3;4;17;16;17;26;4;18;24;18;9;23;75;29;94;18;16;19;27;34;31; ;14;70;28;17;1;60;9;104;4;3;11; ;4;9;8;17;1;12;40;44;6;9;13;64;1;138;11;8;11;1;15;5;18;42;84;43;19;29;21;10;4;35;5;111;15;10;32;17;1;1;45;43;13;10;60;46;19;22;16;7;11
France;21;51;17;23;21;26;48;20;19;23;21;45;26;25;20;75;12;31;37;28;24;20;46;17;42;23;14;12;18;14;8;12;5;12;19;1;4;20;18;13;67;37;53;27;33;25;38;65;27; ;32;17;25;19;15;21;9;29;19;12;13; ;14;15;23;50;28;30;53;43;14;29;19;25;24;127;23;29;15;15;56;32;4;39;95;38;14;35;16;25;12;12;44;109;19;14;7;21;30;46;28;12;32;14;56;27;23;19;29;27;21
French Guiana; ; ; ; ;142; ; ; ; ; ; ; ;142;142;139;142;142; ; ; ; ; ; ; ; ; ; ;128; ; ;73;142;142;138;138;140;141; ; ; ; ;142; ;140; ;142;142;140; ; ;142;142; ; ; ;142; ;134;140; ; ; ; ; ; ;135;133;134; ; ; ; ; ; ; ; ; ; ; ; ; ; ; ; ; ; ; ; ; ; ; ; ; ; ;131;136; ; ;134;134; ; ; ; ; ; ; ; ; ; ; 
French Polynesia; ; ; ; ;142; ; ; ; ; ; ; ;142;142;139;142;142; ; ; ; ; ; ; ; ; ; ;128; ; ;73;142;142;138;138;140;141; ; ; ; ;142; ;140; ;142;142;140; ; ;142;142; ; ; ;142; ;134;140; ; ; ; ; ; ;135;133;134; ; ; ; ; ; ; ; ; ; ; ; ; ; ; ; ; ; ; ; ; ; ; ; ; ; ;131;136; ; ;134;134; ; ; ; ; ; ; ; ; ; ; 
Gabon; ; ; ; ;142; ; ; ; ; ; ; ;142;142;139;142;142; ; ; ; ; ; ; ; ; ; ;128; ; ;73;142;142;138;138;140;141; ; ; ; ;142; ;140; ;142;142;140; ; ;142;142; ; ; ;142; ;134;140; ; ; ; ; ; ;135;133;134; ; ; ; ; ; ; ; ; ; ; ; ; ; ; ; ; ; ; ; ; ; ; ; ; ; ;131;136; ; ;134;134; ; ; ; ; ; ; ; ; ; ; 
Gambia;112;39;121;94;114;89;70;115;114;101;97;112;134;126;95;136;138;133;84;90;123; ; ; ; ; ; ;114;100;101;73;122;122;109;122;120;119;116; ;127;72;97; ;129; ;126;133;128;128;52;52;129; ; ; ;128;130;84;53;94; ;74; ; ; ;62;84;70;28; ; ;17; ;127;3;68;51;39; ; ;28;16;84;125; ; ; ;115;61;15; ;122;1; ;122;109;85; ;79;80;137; ; ; ;98;116;121;131;99;121; 
Georgia;73;107;67;86;51;60;94;44;34;40;62;20;57;5;108;33;91;89;125;83;62; ;1;74;73;51;52;102; ;94;73;79;55;66;81;49;49;90;75;107;40;90;61;90;110;42;20;7;84;7;111;41;98;105;37;56;3;101;105;100;66;106; ; ;40;67;124;109; ;19;46;113;94;82;96;25;67;49;27;87;16;47;80;58;33;22; ;82;71;112;75;90;87;57;99;110;48;39;98;104;60;58;52; ;8;108;91;93;66;62; 
Germany;12;13;18;8;20;18;24;16;26;15;16;98;19;93;3;56;10;37;58;43;15;13;44;22;37;15;25;9;14;8;9;18;22;5;24;34;24;28;24;1;112;23;36;6;44;22;23;22;33; ;59;49;48;24;16;7;9;10;20;24;18;51;7;4;43;22;10;2;69;49;7;33;37;39;17;115;10;5;1;11;9;31;3;31;91;59;18;23;5;20;15;17;35;32;14;29;30;16;19;21;43;39;45;11;61;25;7;14;1;19;27
Ghana;108;79;116;102;109;63;64;76;135;67;57;135;108;78;135;79;94;59;6;36;98; ;76;105;105;86;51;86;94;71;72;107;97;92;94;98;82;103;107;95;48;108;51;124;117;123;93;34;122;55;125;54;93;97;47;120;112;113;100;121;103;46;87;90; ;73;74;74;14;77;108;62; ;99; ;21;76;98; ;91; ;88;86;37;5;72; ;127; ;95; ;87; ;104;119;107; ;66;93;109;124; ; ; ; ;96;86;108;139;114;72
Gibraltar; ; ; ; ;142; ; ; ; ; ; ; ;142;142;139;142;142; ; ; ; ; ; ; ; ; ; ;128; ; ;73;142;142;138;138;140;141; ; ; ; ;142; ;140; ;142;142;140; ; ;142;142; ; ; ;142; ;134;140; ; ; ; ; ; ;135;133;134; ; ; ; ; ; ; ; ; ; ; ; ; ; ; ; ; ; ; ; ; ; ; ; ; ; ;131;136; ; ;134;134; ; ; ; ; ; ; ; ; ; ; 
Greece;45;98;38;57;52;55;79;47;45;42;47;71;47;43;50;49;28;41;83;51;8;39;5;6;1;12;40;36;33;43;44;42;34;34;44;47;17;94;41;42;133;24;33;23;26;49;33;65;23; ;110;60;75;46;49;41;9;68;90;78;42;91;44;45;34;90;108;119;33;17;67;95;55;86;52;111;71;51;40;39;55;22;29;66;108;79;16;14;68;103;60;56;57;115;49;114; ;45;117;116;15;63;20;28;1;56;35;38;31;31;26
Greenland; ; ; ; ;142; ; ; ; ; ; ; ;142;142;139;142;142; ; ; ; ; ; ; ; ; ; ;128; ; ;73;142;142;138;138;140;141; ; ; ; ;142; ;140; ;142;142;140; ; ;142;142; ; ; ;142; ;134;140; ; ; ; ; ; ;135;133;134; ; ; ; ; ; ; ; ; ; ; ; ; ; ; ; ; ; ; ; ; ; ; ; ; ; ;131;136; ; ;134;134; ; ; ; ; ; ; ; ; ; ; 
Grenada; ; ; ; ;142; ; ; ; ; ; ; ;142;142;139;142;142; ; ; ; ; ; ; ; ; ; ;128; ; ;73;142;142;138;138;140;141; ; ; ; ;142; ;140; ;142;142;140; ; ;142;142; ; ; ;142; ;134;140; ; ; ; ; ; ;135;133;134; ; ; ; ; ; ; ; ; ; ; ; ; ; ; ; ; ; ; ; ; ; ; ; ; ; ;131;136; ; ;134;134; ; ; ; ; ; ; ; ; ; ; 
Guam; ; ; ; ;142; ; ; ; ; ; ; ;142;142;139;142;142; ; ; ; ; ; ; ; ; ; ;128; ; ;73;142;142;138;138;140;141; ; ; ; ;142; ;140; ;142;142;140; ; ;142;142; ; ; ;142; ;134;140; ; ; ; ; ; ;135;133;134; ; ; ; ; ; ; ; ; ; ; ; ; ; ; ; ; ; ; ; ; ; ; ; ; ; ;131;136; ; ;134;134; ; ; ; ; ; ; ; ; ; ; 
Guatemala;101;89;107;101;110;113;105;114;120;87;129;115;88;79;130;46;110;123;112;111;110; ;49;84;93;69; ;122;102;114;73;117;120;94;112;128;121;130;103;74;129;83;47;87;122;62;66;11;92;49;88;135; ; ; ;43;55;40;68;96;100;22;89; ;80;25;66;54;5; ;87;93;47;44;93;71;109;136;108;97;46;134;109;109;88;87; ;94; ;79;54;58;33;87;89;53;64; ;38;28;108;76;69; ; ;63;96;57;94;87; 
Guinea;139;109;140;134;132;136;126;138;95;129;139;1;137;136;106;139;140;138;119;101;124; ;113;132;112; ;83;128; ; ;73;141;140;130;137;140;140;137; ;112;135;135; ;131;114;130;130;113;137;51;52;129; ; ; ;134;129;123;139;134;116;89; ; ; ;98;131;118; ; ;42;131;115; ;95;124;135;118; ; ; ;112;129;141; ;96; ;128; ;81;94; ;42;107;125;125; ; ;129;131;110;53;82; ; ; ;141;134;122;140; 
Guinea Bissau; ; ; ; ;142; ; ; ; ; ; ; ;142;142;139;142;142; ; ; ; ; ; ; ; ; ; ;128; ; ;73;142;142;138;138;140;141; ; ; ; ;142; ;140; ;142;142;140; ; ;142;142; ; ; ;142; ;134;140; ; ; ; ; ; ;135;133;134; ; ; ; ; ; ; ; ; ; ; ; ; ; ; ; ; ; ; ; ; ; ; ; ; ; ;131;136; ; ;134;134; ; ; ; ; ; ; ; ; ; ; 
Guyana;86;95;90;93;87;82;93;81;94;111;91;74;101;80;127;90;129;125;106;102;113; ;86;112;104;90;98;128; ; ;73;115;106;101;105;113;92;114; ;114;90;119; ;114;138;134;131;129;78;46;121;117;67;104; ;98;97;98;6;1; ;8; ; ; ;18;56;59; ; ; ;22;1;117;27;22;137;111; ; ; ;100;134;126; ; ; ;60; ;130;28;127;89; ;44;47; ; ;94;75;2; ;7; ; ;26;107;97;69;97; 
Haiti; ; ; ; ;142; ; ; ; ; ; ; ;142;142;139;142;142; ; ; ; ; ; ; ; ; ; ;128; ; ;73;142;142;138;138;140;141; ; ; ; ;142; ;140; ;142;142;140; ; ;142;142; ; ; ;142; ;134;140; ; ; ; ; ; ;135;133;134; ; ; ; ; ; ; ; ; ; ; ; ; ; ; ; ; ; ; ; ; ; ; ; ; ; ;131;136; ; ;134;134; ; ; ; ; ; ; ; ; ; ; 
Holy See  Vatican City State ; ; ; ; ;142; ; ; ; ; ; ; ;142;142;139;142;142; ; ; ; ; ; ; ; ; ; ;128; ; ;73;142;142;138;138;140;141; ; ; ; ;142; ;140; ;142;142;140; ; ;142;142; ; ; ;142; ;134;140; ; ; ; ; ; ;135;133;134; ; ; ; ; ; ; ; ; ; ; ; ; ; ; ; ; ; ; ; ; ; ; ; ; ; ;131;136; ; ;134;134; ; ; ; ; ; ; ; ; ; ; 
Honduras;113;117;105;116;123;108;95;116;126;86;135;127;117;111;120;118;106;90; ; ;105; ; ;106;89;87;84;121; ;116;73;102;103;103;110;80;92;99;92;97;46;93;87;86;93;64;39;7;60;26;88;135; ; ; ;93;96;85;72;88;98;49; ; ; ;31;46;45; ;39; ;104;67;78;80;26;123;135;92; ;45;135;120;124; ; ;52;71; ;66; ;84;30;83;97;57;39; ;67;51;123; ;96; ; ;91;106;110;100;86; 
Hong Kong  China ;11;76;4;19;8;14;28;10;6;2;17;1;6;8;23;4;19;68;93;63;30;3; ;5;29;6;20;22;28;48;6;2;9;4;13; ; ;29;39;15;52;1;1; ;51;2;4;22;2; ;1;2;1;1;10;32; ;3;15;40;28; ;42;20;54;28;27;14;65;9;30;3;66;1;90;1;31;55;72; ;31; ;25;15;26;1;24;54;59;26;56;106;93;1;8;18;28; ;24;20;10;54;26;18;1;74;12;9;42;2;5
Hungary;35;35;42;37;40;37;35;42;33;35;40;56;60;48;61;70;43;53;68;54;35;30;29;63;41;67;37;34;32;25;49;43;47;36;43;53;74;64;61;32;103;18;57;28;11;77;73;16;65;89;132;97;77;42;42;31;9;45;57;60;34;99;22;23;38;83;34;88;26;69;38;40;24;18;59;132;40;45;35;32;27;29;30;24;94;23;41;8;8;41;16;11;64;122;36;90;63;25;60;73;14;4;40;31;79;7;32;41;19;45;20
Iceland;13;4;23;6;13;12;9;18;17;26;15;35;16;27;14;41;23;21;10;53;3;31; ;41;9;63;28;19;4;12;73;29;27;3;9;43;64;22;1;36;128;69;121;14;37;43;35;48;34; ;80;28;69;50;20;49;8;77;25;9;5; ;15;19;19;60;24;57;48; ;27;54;18;100;32;73;24;19;42;16; ;1;39;85;103;13; ;67;85;27;10;59;72;14;1;2;13;1;22;14;1;46;1; ;1;92;1;1;7;1; 
India;81;31;100;69;104;109;124;82;81;107;63;70;130;125;118;120;103;126;90;82;95;62;97;123;85; ;112;44;75;42;28;87;86;115;117;57;40;43;94;52;14;117;65;126;70;72;80;34;64;50;42;7;24;25;35;104;109;88;116;132; ;98;43; ; ;52;48;25; ;51;52;99;42;70;74;98;49;59;53;49; ;77;23;84;38;99;68;57;32;34;57;39;1;92;95;101;75; ;84;86;77;59;65;58;84;18;78;104;92;102;68
Indonesia;97;42;114;85;130;86;97;84;138;85;94;137;114;122;70;122;87;106;98;95;81;59;73;79;74;40;108;64;84;109;41;85;100;95;93;90;104;39;97;51;13;81;38;96;75;86;115;65;87;85;86;41;42;38;65;48;52;51;124;138;102;108;79; ;79;58;29;24; ;84;105;86;40;52;73;79;100;127;86;98;54;137;56;67;21;92;44;79;36;102;80;43;92;52;78;68;87; ;32;33;75; ;95;50;75;22;73;91;108;103;65
Iran  Islamic Republic of;106;103;106;105;126;125;128;112;125;137;123;106;93;53;119;98;46;97;95;80;41; ; ;4;48;1;109;59;54;46;56;68;96;71;103;87;104;10;55; ;6;96;101;74;78;139;95;80;133; ;116;123;60;52; ;140;138;114;130;109;90; ;64;48; ;107;99;94; ;89;107;137;90;111;86;116;90;24;8; ; ;40;44;114;114; ;55;93;28;135;92;75;114; ;116;113; ;65;105;108;106; ;67; ;97;57;85;86;56;52; 
Iraq; ; ; ; ;142; ; ; ; ; ; ; ;142;142;139;142;142; ; ; ; ; ; ; ; ; ; ;128; ; ;73;142;142;138;138;140;141; ; ; ; ;142; ;140; ;142;142;140; ; ;142;142; ; ; ;142; ;134;140; ; ; ; ; ; ;135;133;134; ; ; ; ; ; ; ; ; ; ; ; ; ; ; ; ; ; ; ; ; ; ; ; ; ; ;131;136; ; ;134;134; ; ; ; ; ; ; ; ; ; ; 
Ireland;8;12;14;7;15;19;29;21;18;14;13;60;8;18;19;6;20;16;29;27;5;12; ;30;23;31;31;20;24;23;16;24;28;19;23;31;33;49;34;11;118;9;10;19;28;13;10;22;10; ;35;6;40;47;9;37;9;58;5;5;23;3;19;18;9;11;13;17;18;6;22;11;1;95;61;4;7;35;54;25; ;25;28;12;72;25;4;37;3;2;8;20;1;1;12;11; ;35;16;13;33;51;17;17;40;19;14;13;30;3;14
Isle of Man; ; ; ; ;142; ; ; ; ; ; ; ;142;142;139;142;142; ; ; ; ; ; ; ; ; ; ;128; ; ;73;142;142;138;138;140;141; ; ; ; ;142; ;140; ;142;142;140; ; ;142;142; ; ; ;142; ;134;140; ; ; ; ; ; ;135;133;134; ; ; ; ; ; ; ; ; ; ; ; ; ; ; ; ; ; ; ; ; ; ; ; ; ; ;131;136; ; ;134;134; ; ; ; ; ; ; ; ; ; ; 
Israel;22;20;22;16;54;56;118;27;59;22;32;118;32;44;22;76;11;51;38;84;25;36;27;72;28; ;79;1;1;1;22;26;13;16;30;13;12;52;22;39;96;35;29;38;35;21;29;34;35; ;11;11;32;28;3;75;4;120;11;21;8;93;1;43;3;1;7;26;6;14;5;56;53;42;48;37;9;9;22;8; ;11;15;30;53;37;39;5;37;9;14;15;6;40;29;86;93;30;21;27;20;16;15;23;18;28;21;25;36;8;2
Italy;31;57;29;32;38;48;43;46;27;38;50;1;49;40;27;108;33;48;78;46;23;28;30;54;34;56;44;29;35;27;24;17;24;33;32;23;19;55;45;19;114;4;24;22;4;39;42;80;25; ;63;21;64;22;43;36;9;56;39;44;36; ;28;30;58;47;57;1;43;62;24;50;32;62;28;120;22;31;26;28;22;28;7;10;99;48;11;1;25;39;20;31;58;47;47;102;49;24;96;115;46;42;44;22;50;21;25;27;28;13;33
Jamaica;96;121;85;110;59;58;55;69;68;63;83;58;69;19;57;113;92;62;25;25;86; ;71;90;78; ; ;128; ; ;73;99;104;86;79;98;121;113;84;67;107;78;73;52;86;74;74;11;100;60;67;67;47;61; ;82;104;37;80;89;72;72; ; ; ;56;54;79; ; ;57;101;29;115;62;38;120;88;66; ; ;93;100;120;112;64;28;112; ;121;59;115;83;117;96;54;23; ;86;65;128; ; ; ; ;107;102;85;83;85; 
Japan;19;78;12;26;17;16;19;13;16;25;19;1;21;69;2;96;13;43;88;35;36;5;40;55;39;54;47;6;9;3;7;5;4;14;7;4;4;19;20;10;65;19;42;26;19;12;16;65;5; ;43;34;30;14;33;3;37;1;16;16;62; ;3;2;24;21;15;7;95;38;2;34;8;17;77;128;14;10;1;1;21;49;6;59;60;62;38;42;13;14;5;16;105;23;43;73;67;42;14;37;24;71;30;6;23;20;42;33;48;40;28
Jersey; ; ; ; ;142; ; ; ; ; ; ; ;142;142;139;142;142; ; ; ; ; ; ; ; ; ; ;128; ; ;73;142;142;138;138;140;141; ; ; ; ;142; ;140; ;142;142;140; ; ;142;142; ; ; ;142; ;134;140; ; ; ; ; ; ;135;133;134; ; ; ; ; ; ; ; ; ; ; ; ; ; ; ; ; ; ; ; ; ; ; ; ; ; ;131;136; ; ;134;134; ; ; ; ; ; ; ; ; ; ; 
Jordan;75;68;80;67;65;85;102;78;36;66;49;1;80;72;123;40;81;111; ;86;70;54; ;60;56;74;17;61; ;67;58;81;75;73;88;62;70;86;68;65;70;68;48;55;80;118;132;140;44;48;91;123;18;41;24;73;85;55;76;111;48;109; ; ; ;36;50;27; ;24;59;67; ;96; ;30;83;65;75; ; ;51;76;75;25;68;43;72;47;91; ;78; ;95;69;62;73; ;39;29;76; ; ;52;49;45;66;50;107;73;61
Kazakhstan;82;124;75;107;67;98;88;102;71;103;102;20;35;46;60;16;66;49;108; ;43;48;13;99;60; ;77;52;51;92;38;54;33;49;52;23;22;54;38;83;31;104;105;75;91;96;108;65;90;57;71;25;87;77; ;79;57;107;110;68;41;67;69;52;29;128;85;112;92; ;98;115;86;69;101;36;96;80;24;80;42;130;107;70;13;51; ;108;87;109;111;36;111;55;117;121;90;55;72;63;86;81;51; ;36;70;97;119;55;80; 
Kenya;92;30;113;78;96;118;121;99;70;99;107;1;106;115;116;80;125;115;19;52;106; ;119;135;128; ; ;69;67;35;69;110;87;110;104;77;33;115;116;71;95;127;110;117;89;98;59;102;95;12;124;107;57;60;23;94;124;19;86;101; ;45;61;76; ;37;35;38;9;72;84;110;83;27;122;107;82;69;60;68;35;64;48;100;27;77;67;65;84;52;33;74;15;98;85;58; ;64;37;55;91;87; ;53;34;71;83;103;93;113;71
Kiribati; ; ; ; ;142; ; ; ; ; ; ; ;142;142;139;142;142; ; ; ; ; ; ; ; ; ; ;128; ; ;73;142;142;138;138;140;141; ; ; ; ;142; ;140; ;142;142;140; ; ;142;142; ; ; ;142; ;134;140; ; ; ; ; ; ;135;133;134; ; ; ; ; ; ; ; ; ; ; ; ; ; ; ; ; ; ; ; ; ; ; ; ; ; ;131;136; ; ;134;134; ; ; ; ; ; ; ; ; ; ; 
Korea  Democratic People s Republic of; ; ; ; ;142; ; ; ; ; ; ; ;142;142;139;142;142; ; ; ; ; ; ; ; ; ; ;128; ; ;73;142;142;138;138;140;141; ; ; ; ;142; ;140; ;142;142;140; ; ;142;142; ; ; ;142; ;134;140; ; ; ; ; ; ;135;133;134; ; ; ; ; ; ; ; ; ; ; ; ; ; ; ; ; ; ; ; ; ; ; ; ; ; ;131;136; ; ;134;134; ; ; ; ; ; ; ; ; ; ; 
Korea  Republic of;14;27;15;11;33;38;52;30;66;30;33;118;4;16;5;24;2;35;64;47;12;4;68;10;2;8;71;2;5;2;10;8;1;8;3;3;1;12;11;20;27;61;93;42;36;16;17;34;18; ;9;21;15;1;38;76;115;11;30;22;67;47;2;1; ;44;25;29;96;41;3;61;17;21;108;114;5;1;1;7;6;26;19;47;50;46;32;53;6;19;21;5;106;31;28;19;16;44;12;19;49;41;36;19;90;15;41;46;44;33;21
Kosovo; ; ; ; ;142; ; ; ; ; ; ; ;142;142;139;142;142; ; ; ; ; ; ; ; ; ; ;128; ; ;73;142;142;138;138;140;141; ; ; ; ;142; ;140; ;142;142;140; ; ;142;142; ; ; ;142; ;134;140; ; ; ; ; ; ;135;133;134; ; ; ; ; ; ; ; ; ; ; ; ; ; ; ; ; ; ; ; ; ; ; ; ; ; ;131;136; ; ;134;134; ; ; ; ; ; ; ; ; ; ; 
Kuwait;77;65;87;70;76;62;58;73;99;77;48;124;79;120;111;11;89;65;94;55;46; ;8;91;79; ; ;96;80;107;68;51;56; ; ;52;76;37;1;54;132;65;63;41;98;93;85;102;58; ;76;41;33;34;71;91;74;110;132;119;79; ; ;83; ;112;105;78;87;29;99;130; ;114;92;96;63;97; ; ; ;123;76;119;113; ;42;101;77;17; ;105; ;8;86;94; ; ;122;118;94; ; ;26;85;66;52;42;97;68;40
Kyrgyzstan;109;122;94;118;105;117;113;111;103;94;130;78;98;9;132;104;70;27;16; ;84; ;65;77;54;79;45;107; ;98;73;114;102;100;101;111;79;101;67;129;35;128;113;105;132;56;41;34;129;10;92;34;106;100; ;74;50;103;99;51;83;7;74;39;57;131;125;124;90; ;48;108;93;93;100;11;88;64;14;76;38;104;131;53;2;69; ;135;93;122;68;98;97;106;132;131;89;52;116;117;109; ;93; ;73;102;112;122;98;99; 
Lao People s Democratic Republic;NA;NA;NA;NA;NA;NA;NA;NA;NA;NA;NA;NA;NA;NA;NA;NA;NA;NA;NA;NA;NA;NA;NA;NA;NA;NA;NA;NA;NA;NA;NA;NA;NA;NA;NA;NA;NA;NA;NA;NA;NA;NA;NA;NA;NA;NA;NA;NA;NA;NA;NA;NA;NA;NA;NA;NA;NA;NA;NA;NA;NA;NA;NA;NA;NA;NA;NA;NA;NA;NA;NA;NA;NA;NA;NA;NA;NA;NA;NA;NA;NA;NA;NA;NA;NA;NA;NA;NA;NA;NA;NA;NA;NA;NA;NA;NA;NA;NA;NA;NA;NA;NA;NA;NA;NA;NA;NA;NA;NA;NA;NA
Latvia;33;26;34;30;31;36;41;35;28;29;37;50;25;31;38;23;54;38;62;34;38;24;6;58;30;62;57;65;38;55;73;31;30;38;28;28;24;56;62;35;58;33;61;39;18;44;36;22;55; ;117;47;104;98;36;17;9;21;46;58;25;77;52;58;13;41;61;87;4;54;43;70;79;57;44;66;38;52;21;35; ;60;75;13;44;9; ;20;67;46;51;28;37;46;24;46;43;8;59;35;6;9;28; ;21;13;34;45;25;44;10
Lebanon;74;87;77;76;95;127;137;90;65;78;111;24;82;97;117;35;42;96;117;112;64; ;9;25;53;32;13;32; ; ;43;80;78;58;52;91;104;76;54;80;49;74;40;81;87;100;101;102;30;63;123;93;63;66;27;58;80;28;77;55;43;71; ; ; ;79;115;104; ;21;65;111;107;126;56;24;93;60; ; ; ;59;67;118; ; ; ;43;51;76;95;100;66;25;73;117; ; ;127;130;21;8;41;48;7;50;64;47;106;81;59
Lesotho;118;128;97;125;74;65;51;89;79;97;75;65;91;88;107;86;85;8;1;3;104; ;94;115;108;92;96;128;105;118;73;111;132;117;119;126;129;31; ;119;11;133; ;138; ;107;123;125;115; ;31;93; ; ; ;130;132;90;114;103;107;40; ;78; ;89;96;62;73; ; ;106;78; ;81;84;132;120; ; ; ;105;138;131; ;56; ;137; ;67; ; ;107;58;105;112; ; ;125;127; ; ; ; ; ; ;127;123;113;127; 
Liberia; ; ; ; ;142; ; ; ; ; ; ; ;142;142;139;142;142; ; ; ; ; ; ; ; ; ; ;128; ; ;73;142;142;138;138;140;141; ; ; ; ;142; ;140; ;142;142;140; ; ;142;142; ; ; ;142; ;134;140; ; ; ; ; ; ;135;133;134; ; ; ; ; ; ; ; ; ; ; ; ; ; ; ; ; ; ; ; ; ; ; ; ; ; ;131;136; ; ;134;134; ; ; ; ; ; ; ; ; ; ; 
Libya; ; ; ; ;142; ; ; ; ; ; ; ;142;142;139;142;142; ; ; ; ; ; ; ; ; ; ;128; ; ;73;142;142;138;138;140;141; ; ; ; ;142; ;140; ;142;142;140; ; ;142;142; ; ; ;142; ;134;140; ; ; ; ; ; ;135;133;134; ; ; ; ; ; ; ; ; ; ; ; ; ; ; ; ; ; ; ; ; ; ; ; ; ; ;131;136; ; ;134;134; ; ; ; ; ; ; ; ; ; ; 
Liechtenstein; ; ; ; ;142; ; ; ; ; ; ; ;142;142;139;142;142; ; ; ; ; ; ; ; ; ; ;128; ; ;73;142;142;138;138;140;141; ; ; ; ;142; ;140; ;142;142;140; ; ;142;142; ; ; ;142; ;134;140; ; ; ; ; ; ;135;133;134; ; ; ; ; ; ; ; ; ; ; ; ; ; ; ; ; ; ; ; ; ; ; ; ; ; ;131;136; ; ;134;134; ; ; ; ; ; ; ; ; ; ; 
Lithuania;38;74;35;42;39;32;25;38;54;24;35;110;46;11;64;39;41;40;48;60;17;32;10;47;20;36;70;37;29;36;53;40;32;47;33;21;33;85;85;44;93;25;54;46;10;48;40;22;71; ;108;72;91;81;18;16;9;20;59;33;19;42;45;55;6;55;26;86;13;68;58;135;98;103;89;97;55;53;56;33; ;34;58;41;46;24; ;27;55;96;66;32;91;63;35;42;46;22;26;22;58;44;29; ;74;33;33;37;24;36;25
Luxembourg;9;3;20;2;18;8;6;12;22;10;9;99;44;68;59;19;34;46; ;66;61;26;4;36;91;84;1;35;10;31;73;25;23;1;8;42;54;45;56;8;105;22;43;2;50;31;55;129;11; ;27;102;6;91;5;34;9;52;2;18;1; ;27;60;22;6;17;16;21;3;10;4;36;113;4;1;13;25;44;6; ;41;76;44;102;1; ;61;92;4;17;65;7;1;2;1;6;1;7;16;8;1;1; ;42;81;4;1;8;14; 
Macao; ; ; ; ;142; ; ; ; ; ; ; ;142;142;139;142;142; ; ; ; ; ; ; ; ; ; ;128; ; ;73;142;142;138;138;140;141; ; ; ; ;142; ;140; ;142;142;140; ; ;142;142; ; ; ;142; ;134;140; ; ; ; ; ; ;135;133;134; ; ; ; ; ; ; ; ; ; ; ; ; ; ; ; ; ; ; ; ; ; ; ; ; ; ;131;136; ; ;134;134; ; ; ; ; ; ; ; ; ; ; 
Madagascar;125;116;123;123;99;123;106;133;87;114;120;48;75;32;113;53;120;130;113;106;112; ;103;96;127;53;72;116;88;106;73;137;124;137;134;113;88;133; ;118;121;138; ;134;130;103;137;138;134;38;20;79; ; ; ;115;116;87;113;137;114;103; ; ;82;99;90;127;41; ; ;19;46;110;5;16;124;116;96;72; ;92;102;122;107;103; ;106;94;113;31;116;53; ;113;116;45;59;101;95;74; ; ; ;27;90;135;129;126;134; 
Malawi;98;53;111;89;103;90;80;104;86;115;69;74;125;124;138;81;136;109;43;15;109; ;120;137;134; ;81;124;90; ;73;118;134;134;126;122;115;81; ;70;86;107; ;107;85;114;111;125;116;20;122;114;76;83; ;90;94;73;32;25; ;31; ; ; ;43;116;76; ; ; ;80;116;20;109;59;66;41; ; ; ;30;81;112;52;102; ;98;82;68; ;64;73;48;104;88; ; ;118;111;89;67; ; ;35;93;132;124;120;135; 
Malaysia;32;56;31;34;42;42;63;31;74;43;45;108;22;13;34;29;37;77;31;57;82;51;53;29;69;9;34;31;37;32;27;44;49;54;65;31;59;30;46;24;39;52;65;48;30;27;48;22;22;65;16;5;4;20;46;51;63;32;22;38;57;28;26;11;60;46;12;8;66;23;56;6;51;1;43;43;35;76;49;42;53;54;51;27;29;44;20;22;19;12;74;1;75;12;32;32;80; ;10;4;22; ;47;32;78;3;57;49;52;60;56
Maldives; ; ; ; ;142; ; ; ; ; ; ; ;142;142;139;142;142; ; ; ; ; ; ; ; ; ; ;128; ; ;73;142;142;138;138;140;141; ; ; ; ;142; ;140; ;142;142;140; ; ;142;142; ; ; ;142; ;134;140; ; ; ; ; ; ;135;133;134; ; ; ; ; ; ; ; ; ; ; ; ; ; ; ; ; ; ; ; ; ; ; ; ; ; ;131;136; ; ;134;134; ; ; ; ; ; ; ; ; ; ; 
Mali;105;14;125;81;122;135;136;120;85;108;109;57;119;133;100;111;124;101;65;21;126; ;81;134;120; ;94;81;101;53;73;130;129;107;133;131;126;68; ;109;41;141; ;139;134;106;124;113;113;41;45;120; ; ; ;110;111;94;87;114; ;57;81;70; ;74;97;53;47;33; ;41;108;97;7;41;77;95; ; ; ;98;107;46;49; ; ;139; ;82;93;107;17;96;87;24; ; ;55;67;136;80;103; ; ;127;136;127;140;137; 
Malta;26;7;33;13;24;21;18;24;15;20;23;1;73;110;81;25;40;4;7;2;50; ;12;68;63;59;35;55;34;38;73;41;44;7;31;80;70;77;37;49;117;8;3;34;40;54;91;133;24; ;65;49;49;79; ;4;9;2;38;37;22; ;33;29;53;33;49;46;22; ;21;77;16;19;47;140;29;43;62;12; ;45;96;16;104;6; ;6;100;32;35;18;70;22;6;5;4; ;35;39;5;50;31; ;1;40;18;1;45;5; 
Marshall Islands; ; ; ; ;142; ; ; ; ; ; ; ;142;142;139;142;142; ; ; ; ; ; ; ; ; ; ;128; ; ;73;142;142;138;138;140;141; ; ; ; ;142; ;140; ;142;142;140; ; ;142;142; ; ; ;142; ;134;140; ; ; ; ; ; ;135;133;134; ; ; ; ; ; ; ; ; ; ; ; ; ; ; ; ; ; ; ; ; ; ; ; ; ; ;131;136; ; ;134;134; ; ; ; ; ; ; ; ; ; ; 
Martinique; ; ; ; ;142; ; ; ; ; ; ; ;142;142;139;142;142; ; ; ; ; ; ; ; ; ; ;128; ; ;73;142;142;138;138;140;141; ; ; ; ;142; ;140; ;142;142;140; ; ;142;142; ; ; ;142; ;134;140; ; ; ; ; ; ;135;133;134; ; ; ; ; ; ; ; ; ; ; ; ; ; ; ; ; ; ; ; ; ; ; ; ; ; ;131;136; ; ;134;134; ; ; ; ; ; ; ; ; ; ; 
Mauritania; ; ; ; ;142; ; ; ; ; ; ; ;142;142;139;142;142; ; ; ; ; ; ; ; ; ; ;128; ; ;73;142;142;138;138;140;141; ; ; ; ;142; ;140; ;142;142;140; ; ;142;142; ; ; ;142; ;134;140; ; ; ; ; ; ;135;133;134; ; ; ; ; ; ; ; ; ; ; ; ; ; ; ; ; ; ; ; ; ; ; ; ; ; ;131;136; ; ;134;134; ; ; ; ; ; ; ; ; ; ; 
Mauritius;49;96;44;60;23;31;22;36;23;31;34;39;20;26;41;13;95;72;96;61;31; ;62;92;64; ;55;101;68;91;73;66;66;61;72;68;59;106;74;106;55;30;6;53;74;15;22;34;28; ;19;28;29;57;1;15;5;22;98;106;71;74; ;88;72;57;98;33;59;8;35;100;87;98;50;77;62;123;102; ; ;103;120;113; ;17; ;41;80;13;71;113;27;1;57;72;66; ;57;53;13;74;1; ;10;44;82;35;62;74; 
Mayotte; ; ; ; ;142; ; ; ; ; ; ; ;142;142;139;142;142; ; ; ; ; ; ; ; ; ; ;128; ; ;73;142;142;138;138;140;141; ; ; ; ;142; ;140; ;142;142;140; ; ;142;142; ; ; ;142; ;134;140; ; ; ; ; ; ;135;133;134; ; ; ; ; ; ; ; ; ; ; ; ; ; ; ; ; ; ; ; ; ; ; ; ; ; ;131;136; ; ;134;134; ; ; ; ; ; ; ; ; ; ; 
Mexico;57;61;58;54;66;76;107;54;88;51;96;103;34;57;25;83;52;87;50;78;80;47;77;34;77;18; ;47;63;62;33;69;59;81;85;35;45;70;69;48;69;66;44;59;79;69;75;11;99;66;96;60;45;39;62;50;47;62;56;72;77;27;51;46;68;108;42;42;93;82;66;13;65;9; ;64;50;83;73;58;43;95;33;96;92;73;70;87;12;22;23;10; ;53;56;78;65; ;65;61;38;70;66;39;88;5;60;71;60;65;48
Micronesia  Federated States of; ; ; ; ;142; ; ; ; ; ; ; ;142;142;139;142;142; ; ; ; ; ; ; ; ; ; ;128; ; ;73;142;142;138;138;140;141; ; ; ; ;142; ;140; ;142;142;140; ; ;142;142; ; ; ;142; ;134;140; ; ; ; ; ; ;135;133;134; ; ; ; ; ; ; ; ; ; ; ; ; ; ; ; ; ; ; ; ; ; ; ; ; ; ;131;136; ; ;134;134; ; ; ; ; ; ; ; ; ; ; 
Moldova  Republic of;44;5;74;31;75;78;68;92;98;79;84;104;53;30;56;57;74;26;5;9;94; ;24;100;62; ;67;78;53;73;73;82;48;55;57;60;40;104;83;89;57;98;108;66;84;52;51;22;85;23;56;54; ;88; ;72;53;95;83;74;47;56;66; ;42;121;120;133;39; ;37;52;56;65;21;61;26;20;25;52;1;55;97;45;4;53; ;48;83;47;50;85;11;66;38;3;1;1;112;103;62;23;72; ;20;99;93;73;59;83; 
Monaco; ; ; ; ;142; ; ; ; ; ; ; ;142;142;139;142;142; ; ; ; ; ; ; ; ; ; ;128; ; ;73;142;142;138;138;140;141; ; ; ; ;142; ;140; ;142;142;140; ; ;142;142; ; ; ;142; ;134;140; ; ; ; ; ; ;135;133;134; ; ; ; ; ; ; ; ; ; ; ; ; ; ; ; ; ; ; ; ; ; ; ; ; ; ;131;136; ; ;134;134; ; ; ; ; ; ; ; ; ; ; 
Mongolia;66;111;53;73;60;66;44;103;58;89;82;20;66;37;84;66;79;66;42;70;48; ;58;73;35;65;89;94; ;81;73;52;64;82;95;43;30;14;80;120;1;111;94;95;127;33;12;56;52;1;66;17;82;82; ;84;83;79;55;56;61;9;80;71;36;106;111;128;64;20;40;28;84;67;26;6;85;13;20; ;5;91;104;132; ; ; ;122;88;125;91;83;110;73;74;50;3;62;81;100;54;64;16; ;12;105;100;109;71;75; 
Montenegro;41;29;50;40;47;51;45;60;48;71;61;42;38;47;31;77;49;33; ; ;39;49; ;23;46; ; ;77;52;68;73;70;51;51;62;60;49;84;47;64;92;73;85;57;39;50;47;4;62;42;40;41;17;64; ;97;54;128;71;80;29;81;60;57; ;85;45;117;31; ;39;47;88;102;19;12;54;63;39;63; ;37;138;23; ;11; ;30; ;97;78;89;39;68;26;59; ;20;75;82;41;7; ; ; ;85;20;94;1;24;52
Montserrat; ; ; ; ;142; ; ; ; ; ; ; ;142;142;139;142;142; ; ; ; ; ; ; ; ; ; ;128; ; ;73;142;142;138;138;140;141; ; ; ; ;142; ;140; ;142;142;140; ; ;142;142; ; ; ;142; ;134;140; ; ; ; ; ; ;135;133;134; ; ; ; ; ; ; ; ; ; ; ; ; ; ; ; ; ; ; ; ; ; ; ; ; ; ;131;136; ; ;134;134; ; ; ; ; ; ; ; ; ; ; 
Morocco;78;102;76;84;78;80;96;74;92;84;74;95;68;45;104;54;56;60;20;11;96; ;80;38;97;5;66;70;48;47;73;46;45;69;83;30;17;42;96; ;12;55;20;72;92;82;100;93;49;44;83;107;34;53; ;52;60;46;134;122;106;79;47;49; ;124;93;68;82;70;95;121;89; ;106;58;73;86;58;50; ;89;67;69;19;60;56;85;40;57;101; ;23;67;91;106;40;48;85;97;90;32;77;55;80; ;65;92;88;96;47
Mozambique;95;104;93;97;116;99;82;108;133;104;117;134;89;87;99;97;102;44;57;1;118; ;109;125;124;99;102;87;96;66;73;105;118;131;129;98;92;24;104;128;3;139;120;128;77;76;125;113;101;53;23;83; ; ; ;86;78;93;36;128; ;85; ; ;86;5;86;82;1;36; ;12;102;16;79;1;52;92; ; ; ;94;105;14;14; ; ;97; ;71;77;69;95;19;128;119; ;58;115;119;120;55; ; ; ;117;134;137;119;129; 
Myanmar;138;75;139;130;137;137;122;140;124;138;134;92;139;141;134;91;97;140;129; ;125; ;114;14;102;2;116;128; ; ;73;139;139;136;136;138;137;122;114;126;47;130;90;133;136;125;139;133;139; ;100;139; ; ; ;77;59;96;141;129; ;100; ; ; ;132;130;130; ;59;92;141; ;129; ; ;103;138; ; ; ;140;126;4;7; ; ;125; ;140; ;128; ; ;136;133;79; ;130;129;129; ;85; ; ;111;138;138;135;133; 
Namibia;107;126;91;119;53;47;23;59;43;70;54;32;95;123;76;67;108;83;4;81;99; ;93;119;115;101;16;110; ;100;73;93;105;104;97;95;92;80;100;88;34;64;18;100;83;112;98;56;69;75;103;79;89;95; ;102;101;100;109;93;95;37;78;61; ;95;76;65;85;28;44;112;109;76;87;29;138;99; ;60; ;86;102;133; ;76; ;107; ;127;112;62;116;82;80;49; ; ;88;90;81; ; ; ; ;53;95;44;127;106; 
Nauru; ; ; ; ;142; ; ; ; ; ; ; ;142;142;139;142;142; ; ; ; ; ; ; ; ; ; ;128; ; ;73;142;142;138;138;140;141; ; ; ; ;142; ;140; ;142;142;140; ; ;142;142; ; ; ;142; ;134;140; ; ; ; ; ; ;135;133;134; ; ; ; ; ; ; ; ; ; ; ; ; ; ; ; ; ; ; ; ; ; ; ; ; ; ;131;136; ; ;134;134; ; ; ; ; ; ; ; ; ; ; 
Nepal;135;134;127;136;121;128;120;125;123;122;110;116;85;84;77;100;117;113;67;91;87; ;106;116;100;96;115;89; ;76;73;116;121;121;113;126;104;79;118;99;28;125;97;116;123;121;109;102;57;40;87;67;66;86; ;125;128;91;111;116;109;59; ; ; ;84;123;99; ;52; ;90; ;84; ;125;140;90;85; ; ;78;89;137; ;82; ;111;98;139; ;119; ; ;118;122;62; ;120;120;80; ; ; ;39;73;113;115;86;107; 
Netherlands;4;8;11;3;7;10;12;8;5;8;7;24;9;20;11;22;17;14;32;33;7;10;51;52;15;85;24;15;15;16;12;13;2;9;12;8;1;34;33;2;108;28;52;11;34;17;18;65;6; ;48;83;20;16;21;9;9;12;10;19;9; ;18;22;28;16;9;6;32;34;13;7;1;22;37;39;6;11;33;9; ;13;8;26;87;26;7;26;20;5;2;13;40;9;4;15;37;15;5;6;9;36;34;12;32;8;2;7;1;6;3
Netherlands Antilles; ; ; ; ;142; ; ; ; ; ; ; ;142;142;139;142;142; ; ; ; ; ; ; ; ; ; ;128; ; ;73;142;142;138;138;140;141; ; ; ; ;142; ;140; ;142;142;140; ; ;142;142; ; ; ;142; ;134;140; ; ; ; ; ; ;135;133;134; ; ; ; ; ; ; ; ; ; ; ; ; ; ; ; ; ; ; ; ; ; ; ; ; ; ;131;136; ; ;134;134; ; ; ; ; ; ; ; ; ; ; 
New Caledonia; ; ; ; ;142; ; ; ; ; ; ; ;142;142;139;142;142; ; ; ; ; ; ; ; ; ; ;128; ; ;73;142;142;138;138;140;141; ; ; ; ;142; ;140; ;142;142;140; ; ;142;142; ; ; ;142; ;134;140; ; ; ; ; ; ;135;133;134; ; ; ; ; ; ; ; ; ; ; ; ; ; ; ; ; ; ; ; ; ; ; ; ; ; ;131;136; ; ;134;134; ; ; ; ; ; ; ; ; ; ; 
New Zealand;15;40;13;15;5;4;1;9;3;5;5;1;13;1;26;21;16;10;11;37;2;16;57;16;11;61;10;23;23;29;18;20;14;27;15;15;19;27;15;22;66;47;82;16;49;8;3;1;15; ;44;1;41;31;22;25;42;24;26;29;17; ;32;38;20;34;16;50;60;7;25;38;10;40;42;122;20;12;6;19; ;7;26;35;81;1;33;46;66;84;22;55;76;120;10;9;15;12;15;15;39;17;24;16;28;69;13;21;12;10;15
Nicaragua;130;130;120;133;100;104;81;118;84;91;101;64;113;98;102;125;139;134;75;107; ; ;107; ; ; ; ;128; ; ;73;126;130;102;117;135;133;123;101;90;101;87;70;80;97;104;78;80;102;19;131;134; ; ;45;88;49;124;75;59;94;33; ; ; ;93;113;107; ; ;108;81;118;73; ;17;131;134;98; ; ;125;114;136; ; ; ;96; ;53; ;104;29;54;127;124;60; ;128;122;122; ;100; ; ;89;103;70;89;88; 
Niger;134;139;117;139;119;126;129;113;90;110;108;58;135;137;112;119;135;124;73;4;132; ;115;127;132;100;33;127;104; ;73;91;136;133;134;133;115;8; ;117;5;120; ;119;111;111;127;113;131;45;45;120; ; ; ;112;118; ;70;69; ;57; ; ; ;136; ; ; ; ;45;10;99;66;1;14;111;106; ;71; ;87;114;89;39;106; ;121; ;126;113;96;88;102;140; ; ; ; ; ;131; ;84; ; ;123;119;101;137;141; 
Nigeria;128;28;135;109;133;138;138;129;104;117;131;67;132;106;114;135;137;128; ; ;121; ;112;124;109; ; ;106;95;87;73;124;111;125;100;101;92;128;117;72;123;115;89;111;133;122;107;48;132;71;128;60;83;67;70;105;125;48;137;124; ;73; ;89; ;129;119;69;88;90;102;123;75;124;57;112;105;124;107;100; ;124;69;99;22;71;74;140; ;88; ;108; ;74;111;100;83; ;69;85;85; ;14;56; ;78;125;113;116;128;74
Niue; ; ; ; ;142; ; ; ; ; ; ; ;142;142;139;142;142; ; ; ; ; ; ; ; ; ; ;128; ; ;73;142;142;138;138;140;141; ; ; ; ;142; ;140; ;142;142;140; ; ;142;142; ; ; ;142; ;134;140; ; ; ; ; ; ;135;133;134; ; ; ; ; ; ; ; ; ; ; ; ; ; ; ; ; ; ; ; ; ; ; ; ; ; ;131;136; ; ;134;134; ; ; ; ; ; ; ; ; ; ; 
Northern Mariana Islands; ; ; ; ;142; ; ; ; ; ; ; ;142;142;139;142;142; ; ; ; ; ; ; ; ; ; ;128; ; ;73;142;142;138;138;140;141; ; ; ; ;142; ;140; ;142;142;140; ; ;142;142; ; ; ;142; ;134;140; ; ; ; ; ; ;135;133;134; ; ; ; ; ; ; ; ; ; ; ; ; ; ; ; ; ; ; ; ; ; ; ; ; ; ;131;136; ; ;134;134; ; ; ; ; ; ; ; ; ; ; 
Norway;20;63;16;25;3;3;7;5;4;12;1;24;5;21;7;14;21;34;21;32;9;23; ;45;19;66;23;18;8;22;19;3;16;15;5;21;30;1;1;7;38;31;59;10;32;29;43;56;37; ;47;12;38;27;17;23;2;47;27;17;7; ;23;31;11;29;14;13;50;25;23;71;62;85;31;131;27;27;29;23; ;24;20;22;63;16;17;56;24;43;30;41;61;30;16;45;71;32;11;3;26;34;23;1;33;59;10;15;13;15;18
Oman;69;86;68;68;44;50;47;58;29;50;41;1;62;100;103;10;68;105;80;79;66; ; ;20;81;4;58;85;76;102;63;48;36;42;44;26;24;35;26;57;30;103;98;88;81;108;94;102;80; ;134;107;62;54;66;71;65;70;128;139; ; ;76;75; ;39;67;51; ;13;74;116; ;125; ;83;84;112; ;92; ;110;93;82;36;49; ;80;65;51; ;88; ;38;70;27; ; ;58;70;119; ;104;40;92;119;72;80;111;89;64
Pakistan;131;47;136;117;134;139;141;117;122;118;118;116;111;95;73;130;134;136;118;99;128; ;87;128;113; ; ;68;70;79;51;123;114;116;125;95;92;131;106;69;130;99;50;123;99;129;129;113;125;61;97;21;71;48;73;116;117;81;131;125;74;107; ; ; ;123;95;55;86;79;104;97;71;60;60;121;101;82;91; ; ;75;55;107;75;104;51;86;49;100;88;67;34;90;121;118;84; ;91;101;100;77;102;59;96;37;114;111;115;104; 
Palau; ; ; ; ;142; ; ; ; ; ; ; ;142;142;139;142;142; ; ; ; ; ; ; ; ; ; ;128; ; ;73;142;142;138;138;140;141; ; ; ; ;142; ;140; ;142;142;140; ; ;142;142; ; ; ;142; ;134;140; ; ; ; ; ; ;135;133;134; ; ; ; ; ; ; ; ; ; ; ; ; ; ; ; ; ; ; ; ; ; ; ; ; ; ;131;136; ; ;134;134; ; ; ; ; ; ; ; ; ; ; 
Palestinian Territory  Occupied; ; ; ; ;142; ; ; ; ; ; ; ;142;142;139;142;142; ; ; ; ; ; ; ; ; ; ;128; ; ;73;142;142;138;138;140;141; ; ; ; ;142; ;140; ;142;142;140; ; ;142;142; ; ; ;142; ;134;140; ; ; ; ; ; ;135;133;134; ; ; ; ; ; ; ; ; ; ; ; ; ; ; ; ; ; ; ; ; ; ; ; ; ; ;131;136; ; ;134;134; ; ; ; ; ; ; ; ; ; ; 
Panama;62;36;72;53;73;57;75;53;78;58;73;83;110;33;115;127;83;98;102;103;75; ;55;40;61;38; ;103;81;93;73;55;80;71;77;87;64;41;73;43;22;36;7;54;105;92;56;16;46;47;109;70;54;85;57;92;105;65;69;104;59;104;84;63;33;63;39;49;19;55;47;23;76;7;114;9;79;121;95;48;60;101;60;101; ;5;62;91;89;35;72;6;68;41;42;36;35; ;33;41;37;57;97; ;6;124;61;16;79;69; 
Papua New Guinea; ; ; ; ;142; ; ; ; ; ; ; ;142;142;139;142;142; ; ; ; ; ; ; ; ; ; ;128; ; ;73;142;142;138;138;140;141; ; ; ; ;142; ;140; ;142;142;140; ; ;142;142; ; ; ;142; ;134;140; ; ; ; ; ; ;135;133;134; ; ; ; ; ; ; ; ; ; ; ; ; ; ; ; ; ; ; ; ; ; ; ; ; ; ;131;136; ; ;134;134; ; ; ; ; ; ; ; ; ; ; 
Paraguay;88;54;103;83;112;116;103;122;117;93;113;113;94;103;98;87;90;81;60;72;93; ;16;76;71; ; ;113;73;108;73;103;108;90;102;118;110;82;16;75;119;91;45;110;108;80;44;65;73;11;138;132;105;90; ;67;72;66;97;83;78;19;88;85;51;109;121;116;51; ; ;73;77;11;123;109;121;131;79; ; ;133;118;123; ; ; ;66;64;56;6;76;117;112;51;4;1; ;82;87;103;85;70; ;52;113;101;89;82;82; 
Peru;71;113;60;82;69;97;111;80;56;52;99;43;64;74;71;48;77;107;104;98;79;61;67;61;65; ; ;60; ;95;50;59;62;89;95;41;24;66;90;68;32;43;4;94;65;28;26;11;96;9;55;38;39;58; ;44;40;67;85;63;93;12;72; ;44;113;106;105; ;86;101;74;57;51;69;34;107;108;89;84;41;122;56;76;15;31;57;83;79;124;81;79;102;94;64;67;41; ;74;71;70;56;90; ;15;67;56;56;78;54;48
Philippines;83;44;101;77;102;100;116;65;110;74;86;118;90;128;48;101;123;132;115;104;102; ;116;120;80; ;110;66;85;105;45;83;79;96;87;66;51;105;98;55;99;53;13;98;66;101;120;93;89;58;81;123;12;32;50;69;79;59;81;67;63;62;68;6;41;97;53;48;70;46;77;91;44; ;75;100;53;77;82;79;23;131;54;80;10;93;53;81;62;31;98; ;10;45;101;96;76;57;48;38;117;60;81;49;95; ;68;99;103;71;60
Poland;46;93;39;56;34;35;20;40;42;28;36;85;39;71;30;69;45;36;61;42;33;9;14;66;21;68;80;38;36;39;42;47;46;44;40;57;64;53;50;30;79;46;58;30;43;60;69;16;61;67;84;34;53;33;53;33;9;49;66;45;32;53;40;42;27;102;71;89;34;76;49;60;23;45;49;134;56;40;23;45;25;36;24;81;67;86;50;36;31;89;49;30;63;119;53;108;51;43;95;89;36;14;80;34;71;12;37;48;21;46;29
Portugal;30;62;28;33;25;25;36;26;37;36;26;77;14;10;9;52;25;18;46;14;20;29;7;32;27;24;36;25;20;26;35;33;39;31;46;39;33;63;44;25;120;15;25;17;21;34;21;80;8; ;78;49;56;36;19;38;9;61;65;47;38;59;31;26;37;88;22;39;63;83;41;75;54;77;46;47;42;44;43;37;40;12;31;29;89;32;10;15;43;55;73;48;60;24;25;16;17;33;17;18;51;33;62;24;51;31;29;30;18;42;24
Puerto Rico; ; ; ; ;142; ; ; ; ; ; ; ;142;142;139;142;142; ; ; ; ; ; ; ; ; ; ;128; ; ;73;142;142;138;138;140;141; ; ; ; ;142; ;140; ;142;142;140; ; ;142;142; ; ; ;142; ;134;140; ; ; ; ; ; ;135;133;134; ; ; ; ; ; ; ; ; ; ; ; ; ; ; ; ; ; ; ; ; ; ; ; ; ; ;131;136; ; ;134;134; ; ; ; ; ; ; ; ; ; ; 
Qatar;50;110;40;62;30;20;10;32;51;39;25;107;27;83;45;1;51;104;120;100;63;60;26;3;101;7;1;71;56;65;62;22;31;21;27;37;45;6;6;28;26;70;78;43;72;78;110;113;86; ;70;107;26;43; ;40;67;16;106;117;80; ;57;56;76;40;8;10;78;11;97;136; ;128; ;130;80;128;110;75; ;108;105;111;85;50;58;89;54;30; ;129; ;15;58;44;103; ;4;7;88; ; ;21;66;121;53;61;58;53;53
R√É union; ; ; ; ;142; ; ; ; ; ; ; ;142;142;139;142;142; ; ; ; ; ; ; ; ; ; ;128; ; ;73;142;142;138;138;140;141; ; ; ; ;142; ;140; ;142;142;140; ; ;142;142; ; ; ;142; ;134;140; ; ; ; ; ; ;135;133;134; ; ; ; ; ; ; ; ; ; ; ; ; ; ; ; ; ; ; ; ; ; ; ; ; ; ;131;136; ; ;134;134; ; ; ; ; ; ; ; ; ; ; 
Romania;54;58;57;52;46;61;57;72;32;46;58;1;37;33;44;45;73;88;107;93;54;43;45;67;50;55;69;63;49;69;55;58;61;52;58;74;70;96;64; ;59;20;72;77;1;81;58;7;82;54;114;38;90;63;67;70;9;115;67;81;68;44;58;47;64;81;69;67;29; ;78;42;25;47;38;86;43;66;36;69;49;42;46;11;55;30;37;1;26;48;45;34;18;110;72;93;33;51;83;84;61;27;56;46;69;32;47;59;34;78;35
Russian Federation;48;60;52;49;80;105;108;88;96;102;112;81;50;29;62;43;26;20;82; ;45;35;15;24;17;13;64;28;27;33;25;65;35;40;39;27;30;74;27;85;81;114;115;65;95;94;96;56;63;81;82;88;46;23;44;81;82;71;44;26;16;34;29;54;2;127;65;114;74;56;64;55;15;63;53;51;33;21;9;47;8;74;21;79;56;29;54;74;45;42;46;53;82;13;79;104;54;47;90;76;78;19;87;41;62;62;46;64;35;63;37
Rwanda;94;131;66;128;61;64;72;67;62;72;67;50;65;91;94;26;99;82;55;5;114; ;92;89;121;34;87;126;103; ;73;98;99;128;123;63;63;61; ;77;50;124; ;122;124;26;19;4;135;6;33;102; ; ; ;78;77;75;45;73;113;17; ; ; ;20;62;56; ; ; ;89;111;28;71;99;125;72;41;74;33;72;122;135; ;65; ;138; ;64;9;101;78; ;115;85;100; ;27;45;132;78; ; ; ;109;129;128;128;126; 
Saint Kitts and Nevis; ; ; ; ;142; ; ; ; ; ; ; ;142;142;139;142;142; ; ; ; ; ; ; ; ; ; ;128; ; ;73;142;142;138;138;140;141; ; ; ; ;142; ;140; ;142;142;140; ; ;142;142; ; ; ;142; ;134;140; ; ; ; ; ; ;135;133;134; ; ; ; ; ; ; ; ; ; ; ; ; ; ; ; ; ; ; ; ; ; ; ; ; ; ;131;136; ; ;134;134; ; ; ; ; ; ; ; ; ; ; 
Saint Lucia; ; ; ; ;142; ; ; ; ; ; ; ;142;142;139;142;142; ; ; ; ; ; ; ; ; ; ;128; ; ;73;142;142;138;138;140;141; ; ; ; ;142; ;140; ;142;142;140; ; ;142;142; ; ; ;142; ;134;140; ; ; ; ; ; ;135;133;134; ; ; ; ; ; ; ; ; ; ; ; ; ; ; ; ; ; ; ; ; ; ; ; ; ; ;131;136; ; ;134;134; ; ; ; ; ; ; ; ; ; ; 
Saint Martin  French part ; ; ; ; ;142; ; ; ; ; ; ; ;142;142;139;142;142; ; ; ; ; ; ; ; ; ; ;128; ; ;73;142;142;138;138;140;141; ; ; ; ;142; ;140; ;142;142;140; ; ;142;142; ; ; ;142; ;134;140; ; ; ; ; ; ;135;133;134; ; ; ; ; ; ; ; ; ; ; ; ; ; ; ; ; ; ; ; ; ; ; ; ; ; ;131;136; ; ;134;134; ; ; ; ; ; ; ; ; ; ; 
Saint Vincent and the Grenadines; ; ; ; ;142; ; ; ; ; ; ; ;142;142;139;142;142; ; ; ; ; ; ; ; ; ; ;128; ; ;73;142;142;138;138;140;141; ; ; ; ;142; ;140; ;142;142;140; ; ;142;142; ; ; ;142; ;134;140; ; ; ; ; ; ;135;133;134; ; ; ; ; ; ; ; ; ; ; ; ; ; ; ; ; ; ; ; ; ; ; ; ; ; ;131;136; ; ;134;134; ; ; ; ; ; ; ; ; ; ; 
Samoa; ; ; ; ;142; ; ; ; ; ; ; ;142;142;139;142;142; ; ; ; ; ; ; ; ; ; ;128; ; ;73;142;142;138;138;140;141; ; ; ; ;142; ;140; ;142;142;140; ; ;142;142; ; ; ;142; ;134;140; ; ; ; ; ; ;135;133;134; ; ; ; ; ; ; ; ; ; ; ; ; ; ; ; ; ; ; ; ; ; ; ; ; ; ;131;136; ; ;134;134; ; ; ; ; ; ; ; ; ; ; 
San Marino; ; ; ; ;142; ; ; ; ; ; ; ;142;142;139;142;142; ; ; ; ; ; ; ; ; ; ;128; ; ;73;142;142;138;138;140;141; ; ; ; ;142; ;140; ;142;142;140; ; ;142;142; ; ; ;142; ;134;140; ; ; ; ; ; ;135;133;134; ; ; ; ; ; ; ; ; ; ; ; ; ; ; ; ; ; ; ; ; ; ; ; ; ; ;131;136; ; ;134;134; ; ; ; ; ; ; ; ; ; ; 
Sao Tome and Principe; ; ; ; ;142; ; ; ; ; ; ; ;142;142;139;142;142; ; ; ; ; ; ; ; ; ; ;128; ; ;73;142;142;138;138;140;141; ; ; ; ;142; ;140; ;142;142;140; ; ;142;142; ; ; ;142; ;134;140; ; ; ; ; ; ;135;133;134; ; ; ; ; ; ; ; ; ; ; ; ; ; ; ; ; ; ; ; ; ; ; ; ; ; ;131;136; ; ;134;134; ; ; ; ; ; ; ; ; ; ; 
Saudi Arabia;43;69;45;44;68;73;89;64;77;68;52;89;77;89;136;3;39;55;51;67;21; ;36;26;43;11;38;41; ;110;31;34;37;44;41;18;51;17;14;47;20;67;82;35;116;55;68;65;83; ;50;60;37;9;72;57;73;38;64;82;53; ; ; ;78;32;36;21; ;30;71;84; ;83; ;105;74;78;83; ; ;82;52;55;68; ;29;105;27;75; ;111; ;61;30;8; ; ;29;24;72; ; ;33;22;88;58;62;90;67;39
Senegal;84;24;110;72;89;81;73;97;75;73;77;63;129;75;93;138;128;112;40;26;127; ;101;131;118; ; ;79;64;58;73;108;107;111;107;101;88;87;113;96;33;105;81;104;102;75;92;113;91;21;37;107; ; ; ;101;107;78;101;136; ;97;85;77;84;24;63;100;11; ; ;78;104;122;13;85;91;84; ;65; ;67;85;116;73;94;60;99;63;49;64;97;9;75;66;20; ; ;51;62;98;84;98; ;47;83;79;102;112;119;69
Serbia;63;55;70;59;64;70;74;77;49;75;80;1;83;56;46;126;64;99;130;89;51;41;18;42;44;27;48;58;44;34;70;56;60;41;50;82;79;71;42;61;78;34;100;31;13;90;67;48;77;30;72;31;72;73; ;111;90;122;95;92;49;65;46;72;52;119;92;111;44;63;62;45;28;71;25;56;59;47;46;56;32;8;83;105; ;52; ;16;57;50;37;50;22;56;60;99;58;14;106;106;34;1;54; ;38;48;44;95;53;29;46
Seychelles;65;88;59;64;49;46;30;55;61;90;60;46;63;104;58;38;88;93;97;109;73; ;42;62;133;25; ;95;78;77;73;45;90;57;76;93;110;7; ; ;10;56; ;56;55;138;134;133;114; ;12;54; ; ; ;141;139;121;21;49;54; ; ; ; ;10;77;60; ; ;8;18;96; ; ;7;113;54; ;21; ;56;128;128; ; ; ;70; ;54;44; ;62;65;41;97;56; ;100;105; ; ; ; ; ; ;27;1;27;93; 
Sierra Leone; ; ; ; ;142; ; ; ; ; ; ; ;142;142;139;142;142; ; ; ; ; ; ; ; ; ; ;128; ; ;73;142;142;138;138;140;141; ; ; ; ;142; ;140; ;142;142;140; ; ;142;142; ; ; ;142; ;134;140; ; ; ; ; ; ;135;133;134; ; ; ; ; ; ; ; ; ; ; ; ; ; ; ; ; ; ; ; ; ; ; ; ; ; ;131;136; ; ;134;134; ; ; ; ; ; ; ; ; ; ; 
Singapore;7;100;1;20;2;2;5;2;1;1;11;1;3;6;17;5;5;86;110;74; ;2;64;1; ; ;6;13;7;18;20;1;6;13;14;2;10;9;17;5;23;5;7;4;24;6;13;16;19; ;7;3;5;15;11;8;1;18;1;7;2; ;17;16;14;13;5;11;62;5;19;2;1;6;85;5;12;34;37;20; ;33;27;7;59;14;21;28;1;3;26;1;90;1;33;64;91;40;9;11;30; ;50;20;76;10;31;24;37;48;8
Sint Maarten  Dutch part ; ; ; ; ;142; ; ; ; ; ; ; ;142;142;139;142;142; ; ; ; ; ; ; ; ; ; ;128; ; ;73;142;142;138;138;140;141; ; ; ; ;142; ;140; ;142;142;140; ; ;142;142; ; ; ;142; ;134;140; ; ; ; ; ; ;135;133;134; ; ; ; ; ; ; ; ; ; ; ; ; ; ; ; ; ; ; ; ; ; ; ; ; ; ;131;136; ; ;134;134; ; ; ; ; ; ; ; ; ; ; 
Slovakia;36;48;37;38;36;30;13;39;46;33;46;86;41;65;29;78;53;64;85;64;42;37;37;56;49;52;43;49;30;40;73;37;42;46;34;65;40;65;40;41;106;10;70;21;7;53;45;34;76; ;112;88;101;93; ;22;9;30;58;48;44;36;39;37;55;69;81;66;23; ;53;66;92;14;105;76;41;42;59;40;14;38;41;19;77;21;35;12;4;69;96;25;84;51;40;81;27;37;80;72;17;38;38; ;87;2;39;66;23;38;36
Slovenia;28;22;30;27;29;29;31;33;25;44;31;40;29;15;40;37;24;12;36;20;13;21;17;28;7;28;62;24;17;11;61;36;50;23;36;77;82;47;23;37;84;13;55;15;12;70;79;102;45; ;99;14;79;69;55;39;9;64;35;14;20;43;9;5;25;82;43;93;46; ;34;64;43;90;22;135;30;28;10;17;48;3;40;20;111;27; ;7;9;59;43;33;48;62;22;12;8;6;64;54;27;13;11; ;29;49;30;29;26;39;31
Solomon Islands; ; ; ; ;142; ; ; ; ; ; ; ;142;142;139;142;142; ; ; ; ; ; ; ; ; ; ;128; ; ;73;142;142;138;138;140;141; ; ; ; ;142; ;140; ;142;142;140; ; ;142;142; ; ; ;142; ;134;140; ; ; ; ; ; ;135;133;134; ; ; ; ; ; ; ; ; ; ; ; ; ; ; ; ; ; ; ; ; ; ; ; ; ; ;131;136; ; ;134;134; ; ; ; ; ; ; ; ; ; ; 
Somalia; ; ; ; ;142; ; ; ; ; ; ; ;142;142;139;142;142; ; ; ; ; ; ; ; ; ; ;128; ; ;73;142;142;138;138;140;141; ; ; ; ;142; ;140; ;142;142;140; ; ;142;142; ; ; ;142; ;134;140; ; ; ; ; ; ;135;133;134; ; ; ; ; ; ; ; ; ; ; ; ; ; ; ; ; ; ; ; ; ; ; ; ; ; ;131;136; ; ;134;134; ; ; ; ; ; ; ; ; ; ; 
South Africa;60;94;54;61;43;53;71;48;38;56;56;29;24;52;37;18;75;79;26;50;67; ;95;109;92; ;42;43;61;45;30;89;91;80;75;85;92;58;43;33;97;95;109;64;54;23;49;48;12;82;8;17;3;6;54;54;70;34;73;70;55;48;41;40;63;77;30;41;35;53;69;65;11;31;110;75;58;58;64;41; ;50;34;36;23;18;25;62;41;94;69;49;98;43;76;79;70; ;56;57;63; ;86;35;19;47;71;63;41;98;67
South Sudan; ; ; ; ;142; ; ; ; ; ; ; ;142;142;139;142;142; ; ; ; ; ; ; ; ; ; ;128; ; ;73;142;142;138;138;140;141; ; ; ; ;142; ;140; ;142;142;140; ; ;142;142; ; ; ;142; ;134;140; ; ; ; ; ; ;135;133;134; ; ; ; ; ; ; ; ; ; ; ; ; ; ; ; ; ; ; ; ; ; ; ; ; ; ;131;136; ; ;134;134; ; ; ; ; ; ; ; ; ; ; 
Spain;27;67;24;29;35;41;65;29;35;32;30;80;30;62;21;60;27;30;59;31;10;27;38;35;8;35;56;27;31;28;21;9;15;30;26;4;19;46;32;18;110;3;22;7;6;10;14;48;7; ;28;30;21;7;25;24;9;33;47;30;40;24;30;27;18;87;55;52;57;50;33;79;58;81;45;53;25;33;47;30;18;23;12;17;58;40;9;10;30;38;36;38;32;29;31;56;38;36;25;34;48;21;27;25;41;41;26;23;32;20;19
Sri Lanka;85;46;104;79;128;91;101;83;137;82;76;138;96;84;67;121;112;117;127;108;65; ;75;104;96;71;106;88;82;97;66;57;72;105;108;37;33;60;105;84;15;32;4;62;67;84;105;80;98;37;73;49;59;55; ;63;99;14;102;107;91;94;67;36;69;118;107;64;76;66;60;43; ;94;15;102;64;91;50;64; ;116;74;60;3;88;30;76;81;40; ;81;12;91;92;80;74; ;61;49;79; ;74; ;31;64;110;106;110;91; 
Sudan;141;136;141;140;138;141;139;141;130;136;137;111;118;112;131;106;121;137;124; ;130; ;108;86;95;76; ;90; ;78;73;132;110;108;99;109;108;138;115;131;113;129;75;137;128;140;138;129;136;70;88;135; ; ; ;139;134; ;140;140; ; ;59; ; ; ; ; ; ; ; ;120;126;48;116;54;122;132; ;88; ;127;109;62;74; ; ;120; ;134;84;117;108; ;139;138;101;60; ; ;127; ; ; ; ;103;133;135;136;122; 
Sudan  pre secession ; ; ; ; ;142; ; ; ; ; ; ; ;142;142;139;142;142; ; ; ; ; ; ; ; ; ; ;128; ; ;73;142;142;138;138;140;141; ; ; ; ;142; ;140; ;142;142;140; ; ;142;142; ; ; ;142; ;134;140; ; ; ; ; ; ;135;133;134; ; ; ; ; ; ; ; ; ; ; ; ; ; ; ; ; ; ; ; ; ; ; ; ; ; ;131;136; ; ;134;134; ; ; ; ; ; ; ; ; ; ; 
Suriname; ; ; ; ;142; ; ; ; ; ; ; ;142;142;139;142;142; ; ; ; ; ; ; ; ; ; ;128; ; ;73;142;142;138;138;140;141; ; ; ; ;142; ;140; ;142;142;140; ; ;142;142; ; ; ;142; ;134;140; ; ; ; ; ; ;135;133;134; ; ; ; ; ; ; ; ; ; ; ; ; ; ; ; ; ; ; ; ; ; ; ; ; ; ;131;136; ; ;134;134; ; ; ; ; ; ; ; ; ; ; 
Swaziland;123;132;98;132;82;96;92;93;82;100;85;62;84;116;75;59;96;47;8;7;100; ;72;107;123;70;95;128; ; ;73;138;126;117;111;131;126;140; ; ;137;113; ;115;73;113;81;56;109;31;126;97;95;109; ;107;102;111;34;15; ;26; ; ; ;61;82;97; ; ;36;82;7; ;119;92;136;122;80; ; ;109;131;134; ; ; ;92; ;106;67; ;104;99;120;98; ; ;123;123;116;62; ; ; ; ;116;112;96;117; 
Sweden;3;16;7;4;9;6;11;4;13;3;2;61;17;28;16;31;4;13;15;18;26;34;22;21;25;16;27;4;6;5;13;7;18;9;2;28;45;11;7;6;98;12;63;9;9;14;25;56;17; ;15;31;14;10;13;28;9;39;7;2;4; ;5;8;10;23;11;19;56;27;9;16;33;46;6;136;2;2;19;1; ;6;11;28;65;19;15;39;34;6;7;22;8;18;11;22;44;19;6;10;23;24;18;5;55;24;9;18;10;12;13
Switzerland;1;2;2;1;10;5;2;6;11;13;8;37;28;59;39;17;6;28;44;29;27;11;21;19;45;50;9;7;12;6;3;15;41;2;18;64;87;26;19;14;73;2;14;1;15;5;15;48;9; ;4;72;1;4;7;14;7;17;3;4;3; ;6;10;30;7;3;5;37;12;4;14;1;32; ;137;1;3;28;1; ;4;9;5;86;41;2;13;2;1;1;7; ;6;3;6;21;1;13;25;3; ;9;2;37;11;5;11;1;32;12
Syrian Arab Republic; ; ; ; ;142; ; ; ; ; ; ; ;142;142;139;142;142; ; ; ; ; ; ; ; ; ; ;128; ; ;73;142;142;138;138;140;141; ; ; ; ;142; ;140; ;142;142;140; ; ;142;142; ; ; ;142; ;134;140; ; ; ; ; ; ;135;133;134; ; ; ; ; ; ; ; ; ; ; ; ; ; ; ; ; ; ; ; ; ; ; ; ; ; ;131;136; ; ;134;134; ; ; ; ; ; ; ; ; ; ; 
Taiwan  Province of China; ; ; ; ;142; ; ; ; ; ; ; ;142;142;139;142;142; ; ; ; ; ; ; ; ; ; ;128; ; ;73;142;142;138;138;140;141; ; ; ; ;142; ;140; ;142;142;140; ; ;142;142; ; ; ;142; ;134;140; ; ; ; ; ; ;135;133;134; ; ; ; ; ; ; ; ; ; ; ; ; ; ; ; ; ; ; ; ; ; ; ; ; ; ;131;136; ; ;134;134; ; ; ; ; ; ; ; ; ; ; 
Tajikistan;114;101;115;106;127;130;119;132;112;131;136;69;128;86;126;128;86;75;86; ;103; ;66;70;88;21;73;112; ;104;73;135;138; ; ;137;132;136;76;105;136;88;59;125;22;40;61;102;119;8;12;54; ; ; ;100;86;117;108;99; ;55; ;82; ;101;88;103;98;26; ;92;124; ;54;104;70;46;100; ;10;126;137;91;12;95; ;136;95;98;89; ;26; ;130;127;94;61;87;81;111; ;60; ;89; ;117;133;101;115; 
Tanzania  United Republic of;117;38;124;95;83;93;76;110;67;95;90;29;105;101;97;114;133;116;28;77;119; ;99;136;129; ;88;82;99;61;71;120;115;129;129;106;82;83;120;122;18;134;114;120;101;136;88;125;121;15;139;119;97;99;56;133;127;118;120;133;115;64; ;91;85;45;80;95;10;71; ;114;117;68;97;28;117;70; ; ; ;83;70;64;18; ; ;126;101;132; ;77;96; ;81;71; ; ;110;99;42; ; ; ;9;95;128;126;117;125; 
TFYR Macedonia;56;64;56;55;55;77;87;71;55;59;70;50;15;3;33;7;55;5; ; ;74; ;31;78;67;60;65;93;65;85;73;94;88;56;54;113;119;126;63;108; ;60;76;79;20;46;46;34;68;17;75;21;99;84; ;35;44;41;62;64;50;35;75; ;56;66;58;92; ; ;108;59;48;80;35;45;69;73;52;57; ;62;98;54;70;33; ;25;58;63;47;51;28;69;46;52; ;38;50;60;47;30;22; ;16;80;50;52;72;43;48
Thailand;55;43;62;50;92;103;131;57;119;64;65;132;48;63;43;51;60;45;9;10;71;44;84;93;51; ;86;48;57;70;36;64;73;79;66;74;54;40;70;34;36;71;84;70;29;41;64;80;14;90;30;25;13;13;59;62;81;36;54;39;97;2;49;17;70;96;44;37;77;47;90;44;12;15;115;55;48;57;51;67;19;85;38;49;37;75;26;44;11;45;61;14;112;37;52;83;72; ;44;66;25; ;76;45;67;6;62;55;102;77;54
Timor Leste; ; ; ; ;142; ; ; ; ; ; ; ;142;142;139;142;142; ; ; ; ; ; ; ; ; ; ;128; ; ;73;142;142;138;138;140;141; ; ; ; ;142; ;140; ;142;142;140; ; ;142;142; ; ; ;142; ;134;140; ; ; ; ; ; ;135;133;134; ; ; ; ; ; ; ; ; ; ; ; ; ; ; ; ; ; ; ; ; ; ; ; ; ; ;131;136; ; ;134;134; ; ; ; ; ; ; ; ; ; ; 
Togo;140;141;128;141;115;121;91;139;100;127;125;55;112;109;87;124;131;108;87;85;91; ;98;130;111; ;75;104;98;86;73;140;137; ; ;134;133;129;123;123;77;140;118;132;113;79;77;113;93;13;37;107; ; ; ;126;126; ;104;76; ;63; ; ; ;135; ; ;38; ; ;69;100;123;9;88;126;96; ; ; ;84;133;139; ;100; ;95; ;44;109;118;13;28;141; ; ; ; ; ;135; ; ; ; ;115;123;107;141;136; 
Tokelau; ; ; ; ;142; ; ; ; ; ; ; ;142;142;139;142;142; ; ; ; ; ; ; ; ; ; ;128; ; ;73;142;142;138;138;140;141; ; ; ; ;142; ;140; ;142;142;140; ; ;142;142; ; ; ;142; ;134;140; ; ; ; ; ; ;135;133;134; ; ; ; ; ; ; ; ; ; ; ; ; ; ; ; ; ; ; ; ; ; ; ; ; ; ;131;136; ; ;134;134; ; ; ; ; ; ; ; ; ; ; 
Tonga; ; ; ; ;142; ; ; ; ; ; ; ;142;142;139;142;142; ; ; ; ; ; ; ; ; ; ;128; ; ;73;142;142;138;138;140;141; ; ; ; ;142; ;140; ;142;142;140; ; ;142;142; ; ; ;142; ;134;140; ; ; ; ; ; ;135;133;134; ; ; ; ; ; ; ; ; ; ; ; ; ; ; ; ; ; ; ; ; ; ; ; ; ; ;131;136; ; ;134;134; ; ; ; ; ; ; ; ; ; ; 
Trinidad and Tobago;80;92;86;88;62;52;59;52;83;61;72;94;71;60;63;89;69;63; ; ;89; ; ;46;106;10;30;119; ;113;73;106;82;59;60;93;101;118;29; ;131;123;122;71;104;95;90;34;97;88;57;60;27;78; ;106;121;60;93;91;51;70;86; ; ;68;103;81; ; ;68;98;68;101;63;19;81;115; ;89; ;111;98;48;40; ; ;109;48;73;104;120;119;11;90;65; ; ;113;91;99; ; ; ;70;100;90;58;75;70; 
Tunisia;76;71;83;71;72;95;114;68;72;96;71;47;61;81;52;64;48;61;27;41;47;56;48;15;70;3;93;67;41;50;73;73;58;87;80;39;33;117;81;102;80;45;21;49;52;135;113;102;41;56;93;72;70;56; ;135;136;89;119;90;70; ; ;65; ;117;114;85;68; ;80;117;110;54;102;74;87;62;63;70; ;35;73;68;42;55;36;50;33;116;55;40;56; ;71;69; ; ;103;102;57; ;75; ;82;16;70;72;109;92;63
Turkey;58;23;71;46;84;88;125;50;101;55;59;126;67;67;101;47;50;58;111; ;49;40;78;57;26;49;85;40;45;37;39;63;63;67;64;53;64;59;59;29;85;57;38;60;57;58;104;80;48;87;51;13;50;18;69;18;55;9;117;85;76;67;34;21;71;110;59;34;91;81;81;127;70;53;120;95;60;36;31;38;13;44;36;83;106;78;8;63;42;108; ;63;115;70;37;17;5;34;42;56;52;35;63;42;68;17;59;36;64;84;58
Turkmenistan; ; ; ; ;142; ; ; ; ; ; ; ;142;142;139;142;142; ; ; ; ; ; ; ; ; ; ;128; ; ;73;142;142;138;138;140;141; ; ; ; ;142; ;140; ;142;142;140; ; ;142;142; ; ; ;142; ;134;140; ; ; ; ; ; ;135;133;134; ; ; ; ; ; ; ; ; ; ; ; ; ; ; ; ; ; ; ; ; ; ; ; ; ; ;131;136; ; ;134;134; ; ; ; ; ; ; ; ; ; ; 
Turks and Caicos Islands; ; ; ; ;142; ; ; ; ; ; ; ;142;142;139;142;142; ; ; ; ; ; ; ; ; ; ;128; ; ;73;142;142;138;138;140;141; ; ; ; ;142; ;140; ;142;142;140; ; ;142;142; ; ; ;142; ;134;140; ; ; ; ; ; ;135;133;134; ; ; ; ; ; ; ; ; ; ; ; ; ; ; ; ; ; ; ; ; ; ; ; ; ; ;131;136; ; ;134;134; ; ; ; ; ; ; ; ; ; ; 
Tuvalu; ; ; ; ;142; ; ; ; ; ; ; ;142;142;139;142;142; ; ; ; ; ; ; ; ; ; ;128; ; ;73;142;142;138;138;140;141; ; ; ; ;142; ;140; ;142;142;140; ; ;142;142; ; ; ;142; ;134;140; ; ; ; ; ; ;135;133;134; ; ; ; ; ; ; ; ; ; ; ; ; ; ; ; ; ; ; ; ; ; ; ; ; ; ;131;136; ; ;134;134; ; ; ; ; ; ; ; ; ; ; 
Uganda;111;118;102;113;90;114;112;105;57;88;81;24;109;130;92;82;109;118;103;45;117; ;88;102;126;98;15;84;97;57;73;113;135;132;114;128;129;51; ; ;42;112; ;112;107;116;117;113;127;29;127;97;52;103;39;83;98;53;49;126;111;54;50;67;81;8;60;83;3; ; ;36;82;59;10;31;92;87;93;77; ;65;66;90;51;61; ;116; ;80;34;99;50;77;126;120;95; ;92;96;133;83; ; ; ;110;98;121;123;123;73
Ukraine;64;15;84;47;98;112;110;109;89;112;114;53;92;64;121;85;36;25;18;23;40; ;20;31;13;20;63;45;46;44;46;112;89;63;89;112;76;127;48;59;140;121;116;85;82;89;60;16;42;64;136;96;86;75;51;66;46;97;78;52;39;84;36;51;4;105;72;122;17;80;88;88;22;74;68;78;34;14;12;44;1;58;43;98;66;70;47;77;46;65;40;47;36;80;75;82;19;26;108;98;87;65;99; ;48;55;51;60;46;66;37
United Arab Emirates;47;133;25;99;26;23;26;28;24;37;38;1;33;49;86;1;15;3; ; ; ;38;39;2; ;19;1;42; ;63;40;19;12;31;21;12;13;23;10;26;63;48;68;25;47;65;65;80;56; ;105;41;73;51;48;29;62;7;29;57;31; ;54; ; ;2;21;3; ;1;93;83; ;91; ;72;134;114;109;54; ;119;71;97;69;57;59;52; ;137; ;114; ; ;61;37;96; ;2;5;115; ; ;30; ;97;48;40;50;55;44
United Kingdom;2;18;6;5;14;24;46;19;9;9;14;29;10;39;12;15;7;23;30;19;22;17;56;12;36;39;8;11;19;21;1;6;3;6;6;11;4;48;35;4;122;7;19;12;14;3;8;16;13; ;6;4;9;5;12;5;9;4;13;13;6; ;20;24;17;9;4;9;20;18;17;30;26;26;30;89;8;7;13;22; ;14;1;2;78;10;5;21;17;23;11;23;14;78;5;31;50;27;8;8;4;3;37;8;25;14;3;12;1;4;4
United States of America;5;33;5;9;16;22;40;17;14;21;18;1;11;40;4;42;14;42;47;44;16;25;61;49;3;75;49;8;22;10;2;14;8;28;10;4;9;15;8;9;89;62;76;33;96;1;1;2;4; ;2;25;8;1;6;11;41;8;9;11;26; ;11;14; ;12;2;4;72;16;11;15;14;10;41;101;4;4;1;13; ;39;1;8;79; ;1;90;14;18;3;26;67;27;23;66;82;46;18;9;18;10;48;4;30;29;17;1;63;25;1
Uruguay;68;91;63;66;50;43;32;49;63;48;42;96;74;51;55;107;67;80;74;96;32;52;35;53;32;81; ;73;59;82;60;38;20;43;47;14;3;89;60;86;56;42;17;63;46;117;103;48;104;78;137;97;108;108;32;85;69;99;96;75;65;30;73;66;46;103;68;90;52; ;82;103;81;50;107;33;94;68;81; ;36;61;63;77;34;35;61;32;75;110;100;57;59;97;59;38;29; ;46;43;92; ;39; ;65;94;63;51;39;18; 
Uzbekistan;122;123;112;127;106;115;100;126;121;139;133;81;76;55;72;92;76;29; ; ;97; ;47;95;117;47;107;92;58; ;73;101;93;119;90;72;70;73;79;116;19;132;117;101;129;85;87;93; ;39;115;88;103;92; ;42;83; ;138;135; ;105; ; ; ;138; ; ; ;60;89;27; ; ; ;90;61;75;48;83;24;129;109;38;6;83; ;130; ; ; ; ; ; ;138;136;69;67; ; ;93; ;49; ; ; ;126;141;105;120; 
Vanuatu; ; ; ; ;142; ; ; ; ; ; ; ;142;142;139;142;142; ; ; ; ; ; ; ; ; ; ;128; ; ;73;142;142;138;138;140;141; ; ; ; ;142; ;140; ;142;142;140; ; ;142;142; ; ; ;142; ;134;140; ; ; ; ; ; ;135;133;134; ; ; ; ; ; ; ; ; ; ; ; ; ; ; ; ; ; ; ; ; ; ; ; ; ; ;131;136; ; ;134;134; ; ; ; ; ; ; ; ; ; ; 
Venezuela  Bolivarian Republic of;132;84;133;121;141;131;117;134;141;140;141;138;141;139;137;140;65;84;13;76;53;50; ;64;14; ;113;56;66; ;48;97;70;75;86;55;51;93;51;73;87;137;88; ;121;141;122;93;108;73;140;139;96;107; ;136;114;132;88;35;75;16; ; ;32;134;104;132; ;88;100;109;59; ;88;94;106;101;105; ; ;132;53;115;109; ;69;110; ;83; ; ;113;71;129;128;78; ;126;114;118;79;73;43; ; ;88;83;51;61; 
Viet Nam;52;9;78;39;101;67;53;86;113;113;89;109;121;102;96;131;78;56;24; ; ; ; ;75;86;29;105;100; ;90;73;88;84;91;83;79;64;62;89;46;43;101;91;113;48;67;31;34;32;16;135;102;68;59;60;80;88;63;40;98;101;38;71;53;73;120;89;72;71;67;96;1; ;4; ;32;28;89;65;94;37;99;58;25;17; ;31;33;44;7; ;1; ;50;62;74;22;53;52;69;40; ;68;57;59;9;67;74;61;101;57
Virgin Islands  British; ; ; ; ;142; ; ; ; ; ; ; ;142;142;139;142;142; ; ; ; ; ; ; ; ; ; ;128; ; ;73;142;142;138;138;140;141; ; ; ; ;142; ;140; ;142;142;140; ; ;142;142; ; ; ;142; ;134;140; ; ; ; ; ; ;135;133;134; ; ; ; ; ; ; ; ; ; ; ; ; ; ; ; ; ; ; ; ; ; ; ; ; ; ;131;136; ; ;134;134; ; ; ; ; ; ; ; ; ; ; 
Virgin Islands  U S ; ; ; ; ;142; ; ; ; ; ; ; ;142;142;139;142;142; ; ; ; ; ; ; ; ; ; ;128; ; ;73;142;142;138;138;140;141; ; ; ; ;142; ;140; ;142;142;140; ; ;142;142; ; ; ;142; ;134;140; ; ; ; ; ; ;135;133;134; ; ; ; ; ; ; ; ; ; ; ; ; ; ; ; ; ; ; ; ; ; ; ; ; ; ;131;136; ; ;134;134; ; ; ; ; ; ; ; ; ; ; 
Yemen;137;97;138;131;136;140;140;136;127;120;132;118;115;113;129;103;127;119;70;92;120; ;70;117;110; ;41;128; ; ;73;134;117;123;115;101;108;141;111;130;139;84;10;127;137;133;141;140;138;77;52;129; ; ; ;109;92;119;133;123;85;102; ; ; ;80;133;108; ; ; ;140;112;120;113;129;112;125;77; ; ;128;125;93;45; ; ;129;96;115;25;121; ; ;134;134;86; ;133;128;125; ; ; ;94;122;80;118;131;112;70
Zambia;124;81;130;115;107;68;49;96;136;106;78;136;72;58;89;61;141;141;128; ; ; ; ; ; ; ; ;97;93;75;73;121;133;122;121;130;124;69;95;113;17;122;107;103;94;83;89;22;124;84;102;75;84;71; ;47;67;23;129;130;105;69;83;80; ;72;73;43;83;22; ;133;121;106;117;15;98;107;94; ; ;102;92;65;32;58; ;117; ;104; ;73;94;60;123;111;98; ;70;78;126; ; ; ; ;101;130;130;138;124; 
Zimbabwe;133;77;134;120;140;122;104;135;140;141;140;138;136;138;125;109;104;110;126; ;108; ;90;87;122;33;99;118;83; ;73;129;101;114;91;101;74;139;102;121;134;131;123;84;56;109;114;93; ;68;64;79;16;35;41;114; ;74;115;112;108;61; ; ; ;104;117;125; ;32;108;76;69;56; ;62;130;74; ;62; ;57;88;121;115; ;22;68; ;133;79;80; ; ;103;76; ; ;102;113;97; ; ; ; ;68;120;117;125;116; 
